regime,model,model_label,world_id,sPEHE_sq,ate_error_sq,centered_sPEHE_sq
BD,causalfm,CausalFM,0,0.2274567941102586,0.0023325022983754998,0.22512429181188309
BD,causalfm,CausalFM,1,0.25429608620968269,0.0032164674422797,0.25107961876740292
BD,causalfm,CausalFM,2,0.20463998929778071,0.0004805300968317,0.204159459200949
BD,causalfm,CausalFM,3,0.24851857817613379,0.0062153663164701998,0.2423032118596635
BD,causalfm,CausalFM,4,0.22355126897631969,0.0011935466620282,0.22235772231429149
BD,causalfm,CausalFM,5,0.19456499963919091,0.00043860863212689998,0.194126391007064
BD,causalfm,CausalFM,6,0.14983927920733259,0.0010922532359613,0.1487470259713711
BD,causalfm,CausalFM,7,0.2238755018088418,0.00047895579150929998,0.2233965460173325
BD,causalfm,CausalFM,8,0.22585150519030611,0.00025845972589310002,0.22559304546441289
BD,causalfm,CausalFM,9,0.22246521741870609,0.0016977341430555,0.2207674832756506
BD,causalfm,CausalFM,10,0.22189424781745909,0.0120309782728063,0.2098632695446527
BD,causalfm,CausalFM,11,0.22184419813908879,0.00068216964117349998,0.2211620284979153
BD,causalfm,CausalFM,12,0.21535864876210131,0.0039390230982838999,0.21141962566381739
BD,causalfm,CausalFM,13,0.2793282287054133,0.0161649561283119,0.2631632725771012
BD,causalfm,CausalFM,14,0.21799506676212249,0.0155995683408352,0.20239549842128729
BD,causalfm,CausalFM,15,0.1905728636685694,0.0066618638443042997,0.18391099982426501
BD,causalfm,CausalFM,16,0.2507364173920047,0.0045745319298169003,0.2461618854621877
BD,causalfm,CausalFM,17,0.23599121446022289,0.0068337719724533997,0.22915744248776951
BD,causalfm,CausalFM,18,0.29012275497891771,0.022077829398944999,0.26804492557997278
BD,causalfm,CausalFM,19,0.24884508651007681,0.0057217213672131001,0.2431233651428637
BD,causalfm,CausalFM,20,0.2155347282136765,0.0026546826291952001,0.21288004558448129
BD,causalfm,CausalFM,21,0.20041235857933901,0.0039193843718521,0.19649297420748679
BD,causalfm,CausalFM,22,0.25294608022155191,0.0121651149476958,0.2407809652738562
BD,causalfm,CausalFM,23,0.24836639132708421,0.0109182861784618,0.23744810514862241
BD,causalfm,CausalFM,24,0.24456808652111769,0.0127147998986138,0.23185328662250379
BD,causalfm,CausalFM,25,0.34059150292001139,0.0031550008240013999,0.33743650209601
BD,causalfm,CausalFM,26,0.2610428270427933,2.9178132024115531e-05,0.26101364891076922
BD,causalfm,CausalFM,27,0.20833930155608441,3.637898440636952e-05,0.2083029225716779
BD,causalfm,CausalFM,28,0.27088167632113319,0.001335752338046,0.26954592398308708
BD,causalfm,CausalFM,29,0.20021681385555659,0.0032342252952649001,0.19698258856029169
BD,causalfm,CausalFM,30,0.2615669675227017,0.0001300468278152,0.2614369206948865
BD,causalfm,CausalFM,31,0.21016894623089319,0.0001897656117706,0.20997918061912249
BD,causalfm,CausalFM,32,0.26021118279731259,0.032548254805789399,0.22766292799152299
BD,causalfm,CausalFM,33,0.25517678892494972,0.00028396522069249998,0.2548928237042572
BD,causalfm,CausalFM,34,0.20387005412125819,0.00065003720976280002,0.2032200169114953
BD,causalfm,CausalFM,35,0.20236790331246399,0.0014346764273847001,0.2009332268850792
BD,causalfm,CausalFM,36,0.2616070249761358,0.0045101189925750998,0.25709690598356061
BD,causalfm,CausalFM,37,0.214675626862182,1.1907870405516578e-06,0.2146744360751415
BD,causalfm,CausalFM,38,0.23656598066554679,0.0026571757323133999,0.23390880493323329
BD,causalfm,CausalFM,39,0.20841286023511019,9.2631746478305968e-06,0.2084035970604623
BD,causalpfn,CausalPFN,0,0.16914654197401899,0.0113493691811148,0.15779717279290409
BD,causalpfn,CausalPFN,1,0.19964698239608331,0.00099105112699339991,0.19865593126908981
BD,causalpfn,CausalPFN,2,0.19105766140479499,0.00024049844905379999,0.190817162955741
BD,causalpfn,CausalPFN,3,0.25204573792088719,0.019763683840416199,0.2322820540804709
BD,causalpfn,CausalPFN,4,0.1359536649172001,0.00084543672641049998,0.13510822819078949
BD,causalpfn,CausalPFN,5,0.27984417757462399,0.0099584870732766992,0.2698856905013472
BD,causalpfn,CausalPFN,6,0.15128040537283469,2.837347786125941e-05,0.15125203189497341
BD,causalpfn,CausalPFN,7,0.220031787282046,0.0025058892759985,0.21752589800604741
BD,causalpfn,CausalPFN,8,0.21414697659368631,2.0352382856202918e-05,0.21412662421083009
BD,causalpfn,CausalPFN,9,0.14878804541183399,0.015793285933183299,0.13299475947865069
BD,causalpfn,CausalPFN,10,0.14294892613431179,0.0404676994856389,0.1024812266486729
BD,causalpfn,CausalPFN,11,0.27352564498850213,0.0039020344440888,0.26962361054441331
BD,causalpfn,CausalPFN,12,0.1946216335727522,0.038289502402357997,0.1563321311703941
BD,causalpfn,CausalPFN,13,0.30567379027531139,0.00081609200469969997,0.30485769827061171
BD,causalpfn,CausalPFN,14,0.15930430290081199,0.0057750313377299004,0.15352927156308199
BD,causalpfn,CausalPFN,15,0.092710860189705604,0.0097808107057055001,0.082930049484000096
BD,causalpfn,CausalPFN,16,0.35731721478367739,0.031464376372431199,0.32585283841124613
BD,causalpfn,CausalPFN,17,0.22129970801698981,0.047899091743545598,0.17340061627344411
BD,causalpfn,CausalPFN,18,0.3015617484770366,0.022741758264493098,0.27881999021254328
BD,causalpfn,CausalPFN,19,0.1488721091508039,0.00024032040126839999,0.14863178874953539
BD,causalpfn,CausalPFN,20,0.1705193266788852,0.0227383923974473,0.1477809342814379
BD,causalpfn,CausalPFN,21,0.2162886119569879,0.0018415069863075,0.2144471049706804
BD,causalpfn,CausalPFN,22,0.28287115560574499,0.0077174405373399996,0.27515371506840502
BD,causalpfn,CausalPFN,23,0.22521173783358039,0.0107029969828878,0.2145087408506926
BD,causalpfn,CausalPFN,24,0.19617651527104649,0.018989809529477299,0.17718670574156911
BD,causalpfn,CausalPFN,25,0.1231417408173493,0.00051248825798420005,0.12262925255936501
BD,causalpfn,CausalPFN,26,0.22139193300120549,0.0001273073271907,0.2212646256740147
BD,causalpfn,CausalPFN,27,0.13868017327040899,0.0051989584539479999,0.13348121481646091
BD,causalpfn,CausalPFN,28,0.300673884908019,0.0052911276116466002,0.29538275729637248
BD,causalpfn,CausalPFN,29,0.22536520691348341,0.019920324476296099,0.20544488243718739
BD,causalpfn,CausalPFN,30,0.1518458090073051,0.0001761337174439,0.15166967528986119
BD,causalpfn,CausalPFN,31,0.21971143414935621,0.0001020132423984,0.21960942090695779
BD,causalpfn,CausalPFN,32,0.23625415402812711,0.071259093547859295,0.16499506048026771
BD,causalpfn,CausalPFN,33,0.29292462452023221,0.0010971938083026,0.29182743071192951
BD,causalpfn,CausalPFN,34,0.1208487709681425,0.0077773465193316004,0.11307142444881089
BD,causalpfn,CausalPFN,35,0.15834615417576589,0.0023327816357150998,0.15601337254005079
BD,causalpfn,CausalPFN,36,0.23576327381663709,0.00010168822180209999,0.2356615855948348
BD,causalpfn,CausalPFN,37,0.19836953268520111,0.0084782004546351993,0.18989133223056581
BD,causalpfn,CausalPFN,38,0.30152023961860608,0.0014397410907427001,0.30008049852786328
BD,causalpfn,CausalPFN,39,0.15572980253980889,0.0012201864787755,0.15450961606103339
BD,dopfn,Do-PFN,0,0.28899705339658521,0.045709536315238802,0.2432875170813463
BD,dopfn,Do-PFN,1,0.4027614672244228,0.13199493302747869,0.27076653419694402
BD,dopfn,Do-PFN,2,0.38380493277504768,0.1586143917967717,0.22519054097827601
BD,dopfn,Do-PFN,3,0.29871335001877491,0.055468918555435301,0.2432444314633396
BD,dopfn,Do-PFN,4,0.40276008351838738,0.1547090354481015,0.2480510480702858
BD,dopfn,Do-PFN,5,0.37087168229087958,0.1546996912681208,0.21617199102275869
BD,dopfn,Do-PFN,6,0.2658873059638564,0.096331340223339404,0.1695559657405169
BD,dopfn,Do-PFN,7,0.2918103338459529,0.051781292028107703,0.24002904181784521
BD,dopfn,Do-PFN,8,0.29014465155291419,0.055606891587884497,0.23453775996502971
BD,dopfn,Do-PFN,9,0.36208879216596218,0.1037052679369076,0.25838352422905447
BD,dopfn,Do-PFN,10,0.42918036024511319,0.19261005816132379,0.23657030208378929
BD,dopfn,Do-PFN,11,0.3462665007920685,0.1249410511881454,0.221325449603923
BD,dopfn,Do-PFN,12,0.3484676344010354,0.1138766158609041,0.2345910185401312
BD,dopfn,Do-PFN,13,0.49533607495175602,0.2192349108123402,0.27610116413941571
BD,dopfn,Do-PFN,14,0.47946826670510811,0.28481504469773949,0.19465322200736851
BD,dopfn,Do-PFN,15,0.3345743425208883,0.1131367811729552,0.22143756134793319
BD,dopfn,Do-PFN,16,0.32897947435730351,0.077252062059173204,0.25172741229813023
BD,dopfn,Do-PFN,17,0.34726388205082559,0.1025219633912214,0.24474191865960421
BD,dopfn,Do-PFN,18,0.4692906264124691,0.18573372298077451,0.2835569034316946
BD,dopfn,Do-PFN,19,0.46714671510331768,0.2092623056304557,0.25788440947286201
BD,dopfn,Do-PFN,20,0.4006041991747834,0.16249755068177829,0.23810664849300511
BD,dopfn,Do-PFN,21,0.26789520284957252,0.059181642270651098,0.20871356057892129
BD,dopfn,Do-PFN,22,0.2454542382159125,0.0089840485672659006,0.23647018964864661
BD,dopfn,Do-PFN,23,0.3477608564440392,0.1187653331488988,0.22899552329514039
BD,dopfn,Do-PFN,24,0.30325880105628639,0.048034351858697102,0.25522444919758908
BD,dopfn,Do-PFN,25,0.50450335168506821,0.13311065293025429,0.37139269875481379
BD,dopfn,Do-PFN,26,0.32849651027003279,0.051735136732551,0.27676137353748193
BD,dopfn,Do-PFN,27,0.32110645930667081,0.096184435786193706,0.2249220235204773
BD,dopfn,Do-PFN,28,0.41144126790646118,0.16304961830656239,0.24839164959989879
BD,dopfn,Do-PFN,29,0.3200408848156539,0.11761041341487739,0.2024304714007765
BD,dopfn,Do-PFN,30,0.47005798280407901,0.1730631568471537,0.29699482595692522
BD,dopfn,Do-PFN,31,0.30435436055191389,0.088049715249700594,0.21630464530221319
BD,dopfn,Do-PFN,32,0.27024912471178758,0.0150252034932533,0.25522392121853421
BD,dopfn,Do-PFN,33,0.40699426066690098,0.1384498716147014,0.26854438905219957
BD,dopfn,Do-PFN,34,0.25934146631264271,0.045761248212309799,0.2135802181003329
BD,dopfn,Do-PFN,35,0.35246145220613989,0.13014196790543989,0.2223194843007
BD,dopfn,Do-PFN,36,0.37103205774106279,0.11173731822983141,0.25929473951123139
BD,dopfn,Do-PFN,37,0.42827967254437738,0.18931294691694009,0.2389667256274372
BD,dopfn,Do-PFN,38,0.3734647175846354,0.1309973298197169,0.2424673877649183
BD,dopfn,Do-PFN,39,0.2913222446017002,0.072170725198867094,0.2191515194028332
BD,dr_learner,Cross-fitted DR-Learner,0,0.2465653576584784,0.00036339215698579999,0.24620196550149251
BD,dr_learner,Cross-fitted DR-Learner,1,0.2797772129719272,0.0074505078349494996,0.27232670513697771
BD,dr_learner,Cross-fitted DR-Learner,2,0.2122326991541103,0.0032381782475399,0.20899452090657039
BD,dr_learner,Cross-fitted DR-Learner,3,0.25546303491012767,0.018078849167267201,0.23738418574286041
BD,dr_learner,Cross-fitted DR-Learner,4,0.22622029632162821,0.0010522339052251,0.225168062416403
BD,dr_learner,Cross-fitted DR-Learner,5,0.1592825943626788,0.0022771511032452,0.15700544325943361
BD,dr_learner,Cross-fitted DR-Learner,6,0.14134374474044251,0.00036952000245670002,0.14097422473798579
BD,dr_learner,Cross-fitted DR-Learner,7,0.22425129077139569,9.1638831853790202e-05,0.2241596519395419
BD,dr_learner,Cross-fitted DR-Learner,8,0.20782303404260849,0.00059134233011970004,0.20723169171248881
BD,dr_learner,Cross-fitted DR-Learner,9,0.23339819722824401,0.017951676813275599,0.2154465204149682
BD,dr_learner,Cross-fitted DR-Learner,10,0.18193138908240841,0.0059897398689158004,0.17594164921349251
BD,dr_learner,Cross-fitted DR-Learner,11,0.20535174724143679,8.2449516207468246e-05,0.20526929772522939
BD,dr_learner,Cross-fitted DR-Learner,12,0.2149659587731878,0.0245202835707574,0.19044567520243039
BD,dr_learner,Cross-fitted DR-Learner,13,0.2475399168723145,0.0013823706295832,0.24615754624273131
BD,dr_learner,Cross-fitted DR-Learner,14,0.1810618694502186,0.017386677025667902,0.16367519242455059
BD,dr_learner,Cross-fitted DR-Learner,15,0.11048354952285,0.0066561425057196002,0.10382740701713029
BD,dr_learner,Cross-fitted DR-Learner,16,0.23627672979939929,0.0090389325525425009,0.22723779724685669
BD,dr_learner,Cross-fitted DR-Learner,17,0.21772882443002539,0.0236131354491728,0.1941156889808526
BD,dr_learner,Cross-fitted DR-Learner,18,0.30768718899459491,0.050425754005721302,0.25726143498887361
BD,dr_learner,Cross-fitted DR-Learner,19,0.2382924121092399,0.0082377087644165004,0.23005470334482339
BD,dr_learner,Cross-fitted DR-Learner,20,0.17990889838952759,0.0068411164674582999,0.17306778192206931
BD,dr_learner,Cross-fitted DR-Learner,21,0.1758845701801843,0.00037675459709020001,0.17550781558309411
BD,dr_learner,Cross-fitted DR-Learner,22,0.21765943565355611,0.0051710635975934999,0.21248837205596269
BD,dr_learner,Cross-fitted DR-Learner,23,0.21181452942106821,0.0042149572709323999,0.2075995721501358
BD,dr_learner,Cross-fitted DR-Learner,24,0.2804451616166721,0.040366263300554997,0.24007889831611701
BD,dr_learner,Cross-fitted DR-Learner,25,0.2933678845444801,0.0041595392979721004,0.28920834524650801
BD,dr_learner,Cross-fitted DR-Learner,26,0.28841476967351332,0.0165034228254856,0.2719113468480277
BD,dr_learner,Cross-fitted DR-Learner,27,0.2196107632630574,0.0099384254131282997,0.209672337849929
BD,dr_learner,Cross-fitted DR-Learner,28,0.20869978430588459,0.00012727733866949999,0.2085725069672151
BD,dr_learner,Cross-fitted DR-Learner,29,0.1966963379914862,0.0121404353210251,0.18455590267046099
BD,dr_learner,Cross-fitted DR-Learner,30,0.23688231455609579,0.0023373703737417,0.234544944182354
BD,dr_learner,Cross-fitted DR-Learner,31,0.18873381797766239,0.00036999166613880001,0.1883638263115236
BD,dr_learner,Cross-fitted DR-Learner,32,0.22924646373418939,0.027955149639939499,0.2012913140942498
BD,dr_learner,Cross-fitted DR-Learner,33,0.2268776796277264,1.010476018300439e-05,0.2268675748675433
BD,dr_learner,Cross-fitted DR-Learner,34,0.19998079294791141,0.0081634727723247005,0.19181732017558659
BD,dr_learner,Cross-fitted DR-Learner,35,0.19011194679022811,0.0014672895928706999,0.1886446571973574
BD,dr_learner,Cross-fitted DR-Learner,36,0.24145851917329331,2.279892112532936e-05,0.241435720252168
BD,dr_learner,Cross-fitted DR-Learner,37,0.21615516773714999,0.0016718640523967999,0.2144833036847531
BD,dr_learner,Cross-fitted DR-Learner,38,0.23329380145697809,0.0092950549104129001,0.22399874654656521
BD,dr_learner,Cross-fitted DR-Learner,39,0.20994426453678339,0.0069264286221657001,0.20301783591461761
BD,tabpfn_x,TabPFN-v3 + X-Learner,0,0.1027544188744364,0.0011605911975578001,0.1015938276768785
BD,tabpfn_x,TabPFN-v3 + X-Learner,1,0.1816364222716727,0.0096159441120554998,0.17202047815961721
BD,tabpfn_x,TabPFN-v3 + X-Learner,2,0.1905659401480421,0.0014198810696665,0.18914605907837559
BD,tabpfn_x,TabPFN-v3 + X-Learner,3,0.24311326966942781,0.013808077438952999,0.22930519223047471
BD,tabpfn_x,TabPFN-v3 + X-Learner,4,0.12739473722006159,0.0038610952536707998,0.1235336419663907
BD,tabpfn_x,TabPFN-v3 + X-Learner,5,0.081667715898405102,0.0001166338096955,0.081551082088709606
BD,tabpfn_x,TabPFN-v3 + X-Learner,6,0.12765721144940051,5.7686590775729416e-06,0.12765144279032301
BD,tabpfn_x,TabPFN-v3 + X-Learner,7,0.1802327357283855,0.00014649811573330001,0.18008623761265219
BD,tabpfn_x,TabPFN-v3 + X-Learner,8,0.17578005473470651,0.0011023757970428001,0.17467767893766381
BD,tabpfn_x,TabPFN-v3 + X-Learner,9,0.1187725535503249,0.010342086870697501,0.1084304666796273
BD,tabpfn_x,TabPFN-v3 + X-Learner,10,0.059517219378853098,0.022469106325811401,0.037048113053041599
BD,tabpfn_x,TabPFN-v3 + X-Learner,11,0.27582122879054949,0.0053659085909735001,0.27045532019957602
BD,tabpfn_x,TabPFN-v3 + X-Learner,12,0.1449817939000882,0.0142657788187376,0.13071601508135061
BD,tabpfn_x,TabPFN-v3 + X-Learner,13,0.25052424918627841,8.5980180293637469e-05,0.2504382690059847
BD,tabpfn_x,TabPFN-v3 + X-Learner,14,0.099934869704151399,0.0092174651203568003,0.0907174045837945
BD,tabpfn_x,TabPFN-v3 + X-Learner,15,0.035174130433318497,0.0083155941515226008,0.026858536281795901
BD,tabpfn_x,TabPFN-v3 + X-Learner,16,0.2047045048496221,0.0104406813450648,0.1942638235045572
BD,tabpfn_x,TabPFN-v3 + X-Learner,17,0.10683038737557581,0.013031911375848099,0.093798475999727696
BD,tabpfn_x,TabPFN-v3 + X-Learner,18,0.24584908281267229,0.0226252904218361,0.22322379239083609
BD,tabpfn_x,TabPFN-v3 + X-Learner,19,0.19851730953607929,0.0045278511560668004,0.1939894583800125
BD,tabpfn_x,TabPFN-v3 + X-Learner,20,0.062552091362189394,0.0043355767817621002,0.0582165145804273
BD,tabpfn_x,TabPFN-v3 + X-Learner,21,0.1166537398187633,0.00058265368712090003,0.1160710861316423
BD,tabpfn_x,TabPFN-v3 + X-Learner,22,0.18107255329766581,0.0013857683816688,0.17968678491599699
BD,tabpfn_x,TabPFN-v3 + X-Learner,23,0.20047338676486839,0.0057326295263572004,0.194740757238511
BD,tabpfn_x,TabPFN-v3 + X-Learner,24,0.152963890838406,0.0155412666449174,0.13742262419348861
BD,tabpfn_x,TabPFN-v3 + X-Learner,25,0.047900796999352097,0.00043392905042050002,0.047466867948931499
BD,tabpfn_x,TabPFN-v3 + X-Learner,26,0.18340487595828461,0.00074473388038150004,0.18266014207790299
BD,tabpfn_x,TabPFN-v3 + X-Learner,27,0.1167187414314545,0.0021180119506726,0.1146007294807818
BD,tabpfn_x,TabPFN-v3 + X-Learner,28,0.26669561902520389,0.0025487769339997001,0.26414684209120409
BD,tabpfn_x,TabPFN-v3 + X-Learner,29,0.1239689443818458,0.0102066361821429,0.1137623081997029
BD,tabpfn_x,TabPFN-v3 + X-Learner,30,0.076549073910981993,0.00054409979296320002,0.076004974118018806
BD,tabpfn_x,TabPFN-v3 + X-Learner,31,0.17095274674177091,0.0009865508394733,0.1699661959022975
BD,tabpfn_x,TabPFN-v3 + X-Learner,32,0.16780119494875159,0.060338024734086899,0.10746317021466439
BD,tabpfn_x,TabPFN-v3 + X-Learner,33,0.18032125241682509,5.1776005822410215e-06,0.1803160748162429
BD,tabpfn_x,TabPFN-v3 + X-Learner,34,0.1123850672964514,0.0096221627411112991,0.1027629045553401
BD,tabpfn_x,TabPFN-v3 + X-Learner,35,0.113523256442396,0.0022509555855386,0.1112723008568574
BD,tabpfn_x,TabPFN-v3 + X-Learner,36,0.1908462496060653,0.00052412474875689996,0.1903221248573084
BD,tabpfn_x,TabPFN-v3 + X-Learner,37,0.1388162131159919,0.00046329425063870001,0.13835291886535309
BD,tabpfn_x,TabPFN-v3 + X-Learner,38,0.18144049562431519,0.0076029429600859002,0.17383755266422929
BD,tabpfn_x,TabPFN-v3 + X-Learner,39,0.14745278902652151,0.0070985423334163997,0.14035424669310501
BD,xgb_x,XGBoost + X-Learner,0,0.26600429484622901,0.0242416477609546,0.24176264708527431
BD,xgb_x,XGBoost + X-Learner,1,0.35963165525310559,2.5619317245354345e-05,0.35960603593586038
BD,xgb_x,XGBoost + X-Learner,2,0.2277893810428491,0.0020648694470785001,0.22572451159577051
BD,xgb_x,XGBoost + X-Learner,3,0.33083410431819288,0.0058298952497769004,0.32500420906841582
BD,xgb_x,XGBoost + X-Learner,4,0.2169025520974113,0.0011818676930429001,0.21572068440436831
BD,xgb_x,XGBoost + X-Learner,5,0.2035756658991813,0.0074072309847904999,0.19616843491439059
BD,xgb_x,XGBoost + X-Learner,6,0.21761570234415331,0.0095311319054663998,0.20808457043868689
BD,xgb_x,XGBoost + X-Learner,7,0.25126240026401592,9.5026448789814998e-05,0.25116737381522602
BD,xgb_x,XGBoost + X-Learner,8,0.20630187664208441,0.0017108329704283,0.20459104367165609
BD,xgb_x,XGBoost + X-Learner,9,0.2710366779400713,0.021967524962589,0.24906915297748231
BD,xgb_x,XGBoost + X-Learner,10,0.181585240858542,0.0409199376277736,0.14066530323076831
BD,xgb_x,XGBoost + X-Learner,11,0.31105387280873781,0.00052000213673609997,0.3105338706720015
BD,xgb_x,XGBoost + X-Learner,12,0.2458824761385042,0.046402818346911102,0.1994796577915931
BD,xgb_x,XGBoost + X-Learner,13,0.33856436539230622,0.0073339985417607001,0.3312303668505453
BD,xgb_x,XGBoost + X-Learner,14,0.25907275853632628,0.0014629299521296999,0.25760982858419651
BD,xgb_x,XGBoost + X-Learner,15,0.16180987430692659,0.0064922797375336003,0.1553175945693929
BD,xgb_x,XGBoost + X-Learner,16,0.37693426446336242,0.037427408670678203,0.3395068557926843
BD,xgb_x,XGBoost + X-Learner,17,0.19332711849366099,0.016165330228519698,0.17716178826514131
BD,xgb_x,XGBoost + X-Learner,18,0.33968994355765247,0.021127436872841202,0.31856250668481112
BD,xgb_x,XGBoost + X-Learner,19,0.24555960009525299,0.00016737673320629999,0.24539222336204661
BD,xgb_x,XGBoost + X-Learner,20,0.21895613218107671,0.028245554046390599,0.19071057813468609
BD,xgb_x,XGBoost + X-Learner,21,0.2059350486697564,0.0123906217729889,0.1935444268967674
BD,xgb_x,XGBoost + X-Learner,22,0.30278900559740218,0.0167813753137393,0.28600763028366299
BD,xgb_x,XGBoost + X-Learner,23,0.2598009959348882,0.0042512556671160003,0.25554974026777222
BD,xgb_x,XGBoost + X-Learner,24,0.29258514991527751,0.0308899864944015,0.26169516342087612
BD,xgb_x,XGBoost + X-Learner,25,0.2174085873666835,0.00036886463976039998,0.2170397227269231
BD,xgb_x,XGBoost + X-Learner,26,0.2460761830202628,0.0060456830984322004,0.24003049992183059
BD,xgb_x,XGBoost + X-Learner,27,0.24162949087937999,0.00055916978933730004,0.2410703210900427
BD,xgb_x,XGBoost + X-Learner,28,0.3563742398379125,0.0064159484378108001,0.34995829140010171
BD,xgb_x,XGBoost + X-Learner,29,0.23491821757752071,0.0118839222792534,0.22303429529826729
BD,xgb_x,XGBoost + X-Learner,30,0.22144839290371451,0.0021431497041051002,0.21930524319960931
BD,xgb_x,XGBoost + X-Learner,31,0.26143735343345798,8.0725065521527627e-05,0.26135662836793638
BD,xgb_x,XGBoost + X-Learner,32,0.31399885084253942,0.1138193436960126,0.20017950714652669
BD,xgb_x,XGBoost + X-Learner,33,0.34900377467837101,0.00041152554219880001,0.34859224913617209
BD,xgb_x,XGBoost + X-Learner,34,0.18943348867621049,0.0068072303700898997,0.18262625830612059
BD,xgb_x,XGBoost + X-Learner,35,0.24045589538206319,0.0019604602522694998,0.2384954351297936
BD,xgb_x,XGBoost + X-Learner,36,0.2830779132579565,0.0014163944338068,0.28166151882414958
BD,xgb_x,XGBoost + X-Learner,37,0.24104477987253259,0.015758017207967601,0.22528676266456499
BD,xgb_x,XGBoost + X-Learner,38,0.2870992436096953,8.4117193270188503e-05,0.28701512641642513
BD,xgb_x,XGBoost + X-Learner,39,0.23534492214306069,0.00059087162953879997,0.2347540505135218
FD,causalfm,CausalFM,0,0.57688458523866448,0.33635327572673679,0.2405313095119275
FD,causalfm,CausalFM,1,0.62377998705483573,0.35759103516000218,0.26618895189483349
FD,causalfm,CausalFM,2,0.62748763035282251,0.40413760929426878,0.22335002105855381
FD,causalfm,CausalFM,3,0.55272838032687421,0.3097339415189011,0.24299443880797311
FD,causalfm,CausalFM,4,0.53838813440957578,0.29396488770349932,0.2444232467060764
FD,causalfm,CausalFM,5,0.51034659932917703,0.30631648914999221,0.20403011017918479
FD,causalfm,CausalFM,6,0.36899731408986991,0.2059593968237137,0.1630379172661563
FD,causalfm,CausalFM,7,0.46547309701015238,0.23011155409612541,0.235361542914027
FD,causalfm,CausalFM,8,0.4944420873230837,0.2492714344068008,0.2451706529162829
FD,causalfm,CausalFM,9,0.55988171771252171,0.3204212869536105,0.2394604307589113
FD,causalfm,CausalFM,10,0.58879175547609375,0.35359666175901672,0.235195093717077
FD,causalfm,CausalFM,11,0.5246234742630167,0.30368693527863982,0.22093653898437701
FD,causalfm,CausalFM,12,0.4971347292034376,0.27406108255182238,0.22307364665161511
FD,causalfm,CausalFM,13,0.6656502775693236,0.39062760592168688,0.27502267164763677
FD,causalfm,CausalFM,14,0.5886168129106818,0.39369482210702222,0.19492199080365979
FD,causalfm,CausalFM,15,0.54402854631091846,0.32754727496002978,0.21648127135088879
FD,causalfm,CausalFM,16,0.5318308199184979,0.29046642185624949,0.24136439806224849
FD,causalfm,CausalFM,17,0.55660930786415075,0.30312812969212899,0.25348117817202193
FD,causalfm,CausalFM,18,0.67772201284207612,0.40218468188823991,0.27553733095383609
FD,causalfm,CausalFM,19,0.65619668768274564,0.40096759327406029,0.25522909440868519
FD,causalfm,CausalFM,20,0.54229192371345269,0.31915481372467741,0.22313710998877501
FD,causalfm,CausalFM,21,0.45704683377967092,0.25539690816942751,0.2016499256102435
FD,causalfm,CausalFM,22,0.43650846470773008,0.19911669569023971,0.23739176901749021
FD,causalfm,CausalFM,23,0.58116719861925648,0.34579178118916781,0.2353754174300885
FD,causalfm,CausalFM,24,0.46459186612930559,0.2046819614704169,0.2599099046588888
FD,causalfm,CausalFM,25,0.74520634494630478,0.39100134524417729,0.3542049997021276
FD,causalfm,CausalFM,26,0.49191655991913108,0.2177036601480867,0.27421289977104429
FD,causalfm,CausalFM,27,0.55472005580313422,0.32306936003211972,0.2316506957710146
FD,causalfm,CausalFM,28,0.58854271778286993,0.32986783952735832,0.25867487825551139
FD,causalfm,CausalFM,29,0.48805012148182658,0.28372841408581267,0.20432170739601391
FD,causalfm,CausalFM,30,0.60629285369207642,0.3062058903782961,0.30008696331378021
FD,causalfm,CausalFM,31,0.52329540907745054,0.30574699630145791,0.2175484127759926
FD,causalfm,CausalFM,32,0.53400992620789767,0.29112895128329058,0.242880974924607
FD,causalfm,CausalFM,33,0.63684974953200901,0.37435896157148291,0.26249078796052577
FD,causalfm,CausalFM,34,0.46587941180590797,0.2464808955538095,0.21939851625209841
FD,causalfm,CausalFM,35,0.56206111053794683,0.340926530231971,0.2211345803059758
FD,causalfm,CausalFM,36,0.49296057192179338,0.23706892469081761,0.25589164723097568
FD,causalfm,CausalFM,37,0.62267148521726967,0.38144790494522668,0.24122358027204269
FD,causalfm,CausalFM,38,0.57248991472799104,0.33619448304559968,0.2362954316823912
FD,causalfm,CausalFM,39,0.53392130107450952,0.31054781168558909,0.22337348938892049
FD,causalpfn_fd_xonly,CausalPFN [X-only],0,0.508246979500382,0.3288328140493138,0.179414165451068
FD,causalpfn_fd_xonly,CausalPFN [X-only],1,0.47918466774930418,0.2630348482685273,0.21614981948077699
FD,causalpfn_fd_xonly,CausalPFN [X-only],2,0.4805889123504079,0.2871504259221222,0.19343848642828559
FD,causalpfn_fd_xonly,CausalPFN [X-only],3,0.60729908627768736,0.37718306942870572,0.2301160168489815
FD,causalpfn_fd_xonly,CausalPFN [X-only],4,0.28530130404907089,0.1410970150525962,0.14420428899647469
FD,causalpfn_fd_xonly,CausalPFN [X-only],5,0.36595086392362419,0.24324862413377649,0.12270223978984759
FD,causalpfn_fd_xonly,CausalPFN [X-only],6,0.310124831140344,0.12988505195247849,0.1802397791878656
FD,causalpfn_fd_xonly,CausalPFN [X-only],7,0.5335162653618899,0.27235974570442778,0.26115651965746201
FD,causalpfn_fd_xonly,CausalPFN [X-only],8,0.5286109356162858,0.24807158214917729,0.28053935346710818
FD,causalpfn_fd_xonly,CausalPFN [X-only],9,0.4836699287615826,0.3163372673061064,0.16733266145547629
FD,causalpfn_fd_xonly,CausalPFN [X-only],10,0.51620272416358981,0.38222147027696168,0.1339812538866281
FD,causalpfn_fd_xonly,CausalPFN [X-only],11,0.50745446721983301,0.26028345891248073,0.2471710083073522
FD,causalpfn_fd_xonly,CausalPFN [X-only],12,0.61079755607746922,0.40724562976310508,0.203551926314364
FD,causalpfn_fd_xonly,CausalPFN [X-only],13,0.45862942268372242,0.2111811003488582,0.24744832233486419
FD,causalpfn_fd_xonly,CausalPFN [X-only],14,0.35144508867958141,0.17444152493251419,0.17700356374706711
FD,causalpfn_fd_xonly,CausalPFN [X-only],15,0.46759644007295781,0.31384118917735282,0.15375525089560491
FD,causalpfn_fd_xonly,CausalPFN [X-only],16,0.76560338703741393,0.4121226012248056,0.35348078581260811
FD,causalpfn_fd_xonly,CausalPFN [X-only],17,0.63121030555434676,0.44158465780234679,0.18962564775199961
FD,causalpfn_fd_xonly,CausalPFN [X-only],18,0.52743777125050106,0.14149919306817171,0.38593857818232929
FD,causalpfn_fd_xonly,CausalPFN [X-only],19,0.53111430470796206,0.2247889555173965,0.30632534919056542
FD,causalpfn_fd_xonly,CausalPFN [X-only],20,0.51987226539613063,0.3751774143695295,0.1446948510266011
FD,causalpfn_fd_xonly,CausalPFN [X-only],21,0.50112519117597143,0.2904530243268299,0.21067216684914139
FD,causalpfn_fd_xonly,CausalPFN [X-only],22,0.63408497246069739,0.34831943715888652,0.28576553530181109
FD,causalpfn_fd_xonly,CausalPFN [X-only],23,0.36869541746052548,0.1305083539262033,0.2381870635343222
FD,causalpfn_fd_xonly,CausalPFN [X-only],24,0.57678133171914259,0.3303374198770942,0.2464439118420482
FD,causalpfn_fd_xonly,CausalPFN [X-only],25,0.31397801724006841,0.15411252676150111,0.1598654904785673
FD,causalpfn_fd_xonly,CausalPFN [X-only],26,0.41389549724868158,0.1952727800330436,0.21862271721563781
FD,causalpfn_fd_xonly,CausalPFN [X-only],27,0.49775711369951048,0.31361141543905841,0.1841456982604518
FD,causalpfn_fd_xonly,CausalPFN [X-only],28,0.5456496176798652,0.22464183249785241,0.32100778518201289
FD,causalpfn_fd_xonly,CausalPFN [X-only],29,0.65969890645837015,0.3757610180132982,0.28393788844507167
FD,causalpfn_fd_xonly,CausalPFN [X-only],30,0.2375874044549382,0.099432586854506594,0.13815481760043161
FD,causalpfn_fd_xonly,CausalPFN [X-only],31,0.4154413607994778,0.17641331745852909,0.23902804334094871
FD,causalpfn_fd_xonly,CausalPFN [X-only],32,0.5316307174653645,0.36159350603838969,0.1700372114269745
FD,causalpfn_fd_xonly,CausalPFN [X-only],33,0.60361522221234809,0.32652383293919468,0.27709138927315352
FD,causalpfn_fd_xonly,CausalPFN [X-only],34,0.35325355383931761,0.1750911743172853,0.17816237952203229
FD,causalpfn_fd_xonly,CausalPFN [X-only],35,0.2877695064518323,0.10436744469837431,0.183402061753458
FD,causalpfn_fd_xonly,CausalPFN [X-only],36,0.47188425452528659,0.25920696801887849,0.21267728650640799
FD,causalpfn_fd_xonly,CausalPFN [X-only],37,0.66079136839526598,0.39522251263544628,0.26556885575981992
FD,causalpfn_fd_xonly,CausalPFN [X-only],38,0.48488888505754968,0.21348892296595429,0.27139996209159539
FD,causalpfn_fd_xonly,CausalPFN [X-only],39,0.38888298047540021,0.2311571986766901,0.15772578179871011
FD,dopfn_fd_xonly,Do-PFN [X-only],0,0.29371167234723661,0.050671323173550997,0.24304034917368561
FD,dopfn_fd_xonly,Do-PFN [X-only],1,0.4161875589938866,0.14469240748232479,0.27149515151156178
FD,dopfn_fd_xonly,Do-PFN [X-only],2,0.3872774604215114,0.16729961183137079,0.21997784859014061
FD,dopfn_fd_xonly,Do-PFN [X-only],3,0.3090917636966804,0.065474319359194497,0.24361744433748581
FD,dopfn_fd_xonly,Do-PFN [X-only],4,0.41155948105418039,0.16264174837041501,0.24891773268376541
FD,dopfn_fd_xonly,Do-PFN [X-only],5,0.3748234510414955,0.16234504314690881,0.21247840789458669
FD,dopfn_fd_xonly,Do-PFN [X-only],6,0.26868803693096321,0.1005407791805944,0.16814725775036879
FD,dopfn_fd_xonly,Do-PFN [X-only],7,0.29896743864920711,0.057682566265230197,0.24128487238397681
FD,dopfn_fd_xonly,Do-PFN [X-only],8,0.2964336395591281,0.065359684524948794,0.23107395503417921
FD,dopfn_fd_xonly,Do-PFN [X-only],9,0.35949090059141581,0.103460776691019,0.25603012390039681
FD,dopfn_fd_xonly,Do-PFN [X-only],10,0.43798263361007223,0.20385276543983269,0.23412986817023959
FD,dopfn_fd_xonly,Do-PFN [X-only],11,0.34469074928270699,0.12548996436674201,0.2192007849159649
FD,dopfn_fd_xonly,Do-PFN [X-only],12,0.35618185664136592,0.1201465432704038,0.23603531337096209
FD,dopfn_fd_xonly,Do-PFN [X-only],13,0.5126465881052813,0.23615770637083019,0.27648888173445091
FD,dopfn_fd_xonly,Do-PFN [X-only],14,0.4873281373284552,0.29138470338985639,0.19594343393859881
FD,dopfn_fd_xonly,Do-PFN [X-only],15,0.3460825862790109,0.1264490986199463,0.21963348765906479
FD,dopfn_fd_xonly,Do-PFN [X-only],16,0.34264721909459922,0.093550274713660106,0.2490969443809391
FD,dopfn_fd_xonly,Do-PFN [X-only],17,0.35143278240743248,0.1089675738193084,0.24246520858812409
FD,dopfn_fd_xonly,Do-PFN [X-only],18,0.4799056711826975,0.19812277909754519,0.28178289208515228
FD,dopfn_fd_xonly,Do-PFN [X-only],19,0.47959202036489851,0.22115117131159359,0.258440849053305
FD,dopfn_fd_xonly,Do-PFN [X-only],20,0.39994347960490279,0.16665402938773369,0.23328945021716921
FD,dopfn_fd_xonly,Do-PFN [X-only],21,0.27770088015960459,0.070211358807534902,0.20748952135206969
FD,dopfn_fd_xonly,Do-PFN [X-only],22,0.24630678946736101,0.012220785850137399,0.23408600361722359
FD,dopfn_fd_xonly,Do-PFN [X-only],23,0.35747627981785091,0.1263709224843631,0.231105357333488
FD,dopfn_fd_xonly,Do-PFN [X-only],24,0.3088327053859995,0.051135503962429801,0.25769720142356972
FD,dopfn_fd_xonly,Do-PFN [X-only],25,0.52756006794346577,0.15958457039709351,0.36797549754637221
FD,dopfn_fd_xonly,Do-PFN [X-only],26,0.33731089797563713,0.060043881359603798,0.2772670166160332
FD,dopfn_fd_xonly,Do-PFN [X-only],27,0.3225804169815023,0.099153803201990395,0.2234266137795119
FD,dopfn_fd_xonly,Do-PFN [X-only],28,0.42430586758823269,0.17368056874945501,0.2506252988387776
FD,dopfn_fd_xonly,Do-PFN [X-only],29,0.33083965827292522,0.12938918068587671,0.2014504775870484
FD,dopfn_fd_xonly,Do-PFN [X-only],30,0.4857241515460754,0.1899055543630197,0.2958185971830557
FD,dopfn_fd_xonly,Do-PFN [X-only],31,0.31037105913621349,0.093900163316772603,0.2164708958194409
FD,dopfn_fd_xonly,Do-PFN [X-only],32,0.2701232429301676,0.0192957153910089,0.2508275275391586
FD,dopfn_fd_xonly,Do-PFN [X-only],33,0.42741033035229509,0.1597003416108507,0.26770998874144442
FD,dopfn_fd_xonly,Do-PFN [X-only],34,0.2644929006734747,0.050090887472959499,0.21440201320051519
FD,dopfn_fd_xonly,Do-PFN [X-only],35,0.3640421340507547,0.1437389907487841,0.22030314330197059
FD,dopfn_fd_xonly,Do-PFN [X-only],36,0.38429674044220402,0.12433578241498611,0.25996095802721791
FD,dopfn_fd_xonly,Do-PFN [X-only],37,0.4426698806130494,0.20366826010362249,0.23900162050942669
FD,dopfn_fd_xonly,Do-PFN [X-only],38,0.38112461798837599,0.13873250448329769,0.24239211350507811
FD,dopfn_fd_xonly,Do-PFN [X-only],39,0.30271434103885808,0.083929539344920104,0.21878480169393799
FD,fd_nn,NN + FD Plug-in,0,0.2023577122010867,0.0083885984797059006,0.19396911372138079
FD,fd_nn,NN + FD Plug-in,1,0.26110853506812548,0.0085937866274311998,0.25251474844069421
FD,fd_nn,NN + FD Plug-in,2,0.20938941531837879,0.0095722250129599996,0.19981719030541889
FD,fd_nn,NN + FD Plug-in,3,0.2323138456878098,0.00016728437615239999,0.2321465613116572
FD,fd_nn,NN + FD Plug-in,4,0.25040755665097669,0.014148751630242601,0.23625880502073399
FD,fd_nn,NN + FD Plug-in,5,0.21150203798549619,0.041431835328993902,0.17007020265650219
FD,fd_nn,NN + FD Plug-in,6,0.13838551366679189,1.5210559960362394e-05,0.13837030310683149
FD,fd_nn,NN + FD Plug-in,7,0.23087588214784349,0.00094718710759309995,0.2299286950402504
FD,fd_nn,NN + FD Plug-in,8,0.2229420312728746,0.0026627583872391998,0.22027927288563531
FD,fd_nn,NN + FD Plug-in,9,0.23914270638216281,0.0014209219363738,0.2377217844457889
FD,fd_nn,NN + FD Plug-in,10,0.22323515210654099,0.0038033824916590998,0.21943176961488189
FD,fd_nn,NN + FD Plug-in,11,0.2094392937351037,0.0012898500367383001,0.20814944369836549
FD,fd_nn,NN + FD Plug-in,12,0.20922895973588851,0.0050147385004394003,0.20421422123544899
FD,fd_nn,NN + FD Plug-in,13,0.28704839824887352,0.0094932268784141995,0.27755517137045932
FD,fd_nn,NN + FD Plug-in,14,0.1716424942687039,0.0026033639206129999,0.16903913034809079
FD,fd_nn,NN + FD Plug-in,15,0.1964239903532167,0.0024862344446249002,0.1939377559085918
FD,fd_nn,NN + FD Plug-in,16,0.23933872020464109,0.0122653946420671,0.2270733255625739
FD,fd_nn,NN + FD Plug-in,17,0.22832906892769611,0.0116758096173605,0.21665325931033549
FD,fd_nn,NN + FD Plug-in,18,0.27936257255496139,0.015742103290423699,0.26362046926453769
FD,fd_nn,NN + FD Plug-in,19,0.22956565273332291,0.015139558673107701,0.21442609406021509
FD,fd_nn,NN + FD Plug-in,20,0.2086848539602302,0.0014580117713633,0.20722684218886689
FD,fd_nn,NN + FD Plug-in,21,0.21574904607108,0.0052251219109111001,0.21052392416016891
FD,fd_nn,NN + FD Plug-in,22,0.22541444591661089,0.0053071839589343001,0.22010726195767649
FD,fd_nn,NN + FD Plug-in,23,0.24971361855501131,0.0055460014477077997,0.2441676171073035
FD,fd_nn,NN + FD Plug-in,24,0.24830408546141419,0.038911340659126201,0.20939274480228789
FD,fd_nn,NN + FD Plug-in,25,0.2823607498280733,0.0032935761904797,0.2790671736375937
FD,fd_nn,NN + FD Plug-in,26,0.28337990054717271,0.0260041543348325,0.25737574621234027
FD,fd_nn,NN + FD Plug-in,27,0.20766530247828141,0.00021849725014529999,0.20744680522813619
FD,fd_nn,NN + FD Plug-in,28,0.2466214072375498,0.0073431974303669002,0.2392782098071829
FD,fd_nn,NN + FD Plug-in,29,0.1835923343670286,0.0015592540135642,0.18203308035346449
FD,fd_nn,NN + FD Plug-in,30,0.22973166821909119,0.0010590448565601001,0.228672623362531
FD,fd_nn,NN + FD Plug-in,31,0.2154814506071579,0.0119729552704942,0.20350849533666349
FD,fd_nn,NN + FD Plug-in,32,0.2057792609483203,5.0315490093131687e-06,0.20577422939931109
FD,fd_nn,NN + FD Plug-in,33,0.28167015698462528,0.0236014710970462,0.25806868588757897
FD,fd_nn,NN + FD Plug-in,34,0.21163483337953079,0.00080998615780869998,0.21082484722172209
FD,fd_nn,NN + FD Plug-in,35,0.20890689914959801,0.0069653173056591,0.2019415818439389
FD,fd_nn,NN + FD Plug-in,36,0.26145919639937859,0.0040200464530522999,0.257439149946326
FD,fd_nn,NN + FD Plug-in,37,0.19630151463888609,0.0085941350193340007,0.18770737961955219
FD,fd_nn,NN + FD Plug-in,38,0.22990725565026179,0.0127107837109116,0.2171964719393501
FD,fd_nn,NN + FD Plug-in,39,0.22489783144652251,0.00073970467482339995,0.22415812677169911
FD,fd_xgboost,XGBoost + FD Plug-in,0,0.2371462868318282,0.0025170838438286999,0.2346292029879995
FD,fd_xgboost,XGBoost + FD Plug-in,1,0.2157462550656348,0.0033922352469308,0.212354019818704
FD,fd_xgboost,XGBoost + FD Plug-in,2,0.22133133223748511,0.014379016086878801,0.20695231615060619
FD,fd_xgboost,XGBoost + FD Plug-in,3,0.24591813598670481,0.0038917345611238999,0.24202640142558099
FD,fd_xgboost,XGBoost + FD Plug-in,4,0.2681397616864345,0.0016174586048504,0.26652230308158409
FD,fd_xgboost,XGBoost + FD Plug-in,5,0.1823620806820673,0.0125932677441175,0.16976881293794979
FD,fd_xgboost,XGBoost + FD Plug-in,6,0.1893187591177049,0.0016411820491995001,0.1876775770685053
FD,fd_xgboost,XGBoost + FD Plug-in,7,0.2540301543423259,0.00013052638448830001,0.2538996279578376
FD,fd_xgboost,XGBoost + FD Plug-in,8,0.22556979086589021,0.0044772841747184999,0.22109250669117159
FD,fd_xgboost,XGBoost + FD Plug-in,9,0.2386673470298227,0.0012434834248,0.2374238636050226
FD,fd_xgboost,XGBoost + FD Plug-in,10,0.1961176365526478,0.00046740492522759998,0.19565023162742021
FD,fd_xgboost,XGBoost + FD Plug-in,11,0.20512734958353129,0.00077638299138699999,0.20435096659214419
FD,fd_xgboost,XGBoost + FD Plug-in,12,0.20775160695213291,0.0040520360584394999,0.20369957089369339
FD,fd_xgboost,XGBoost + FD Plug-in,13,0.28433470645230441,0.00060205747493859998,0.28373264897736578
FD,fd_xgboost,XGBoost + FD Plug-in,14,0.21296056795496349,0.00019480414827509999,0.2127657638066883
FD,fd_xgboost,XGBoost + FD Plug-in,15,0.18795622151551319,0.0081737235459047996,0.17978249796960849
FD,fd_xgboost,XGBoost + FD Plug-in,16,0.22107811773676761,0.013149560227280499,0.20792855750948699
FD,fd_xgboost,XGBoost + FD Plug-in,17,0.20268027707800659,0.0073475762277626002,0.1953327008502441
FD,fd_xgboost,XGBoost + FD Plug-in,18,0.29014709434923919,0.017933704006153,0.27221339034308623
FD,fd_xgboost,XGBoost + FD Plug-in,19,0.28035706045332259,0.0060336459889300999,0.27432341446439229
FD,fd_xgboost,XGBoost + FD Plug-in,20,0.21326622380112281,0.0002122033951754,0.2130540204059474
FD,fd_xgboost,XGBoost + FD Plug-in,21,0.2141137767581473,0.0010017459878430999,0.21311203077030419
FD,fd_xgboost,XGBoost + FD Plug-in,22,0.2032836981024356,0.0085338526483659995,0.19474984545406959
FD,fd_xgboost,XGBoost + FD Plug-in,23,0.25930062240560098,0.0126887708472832,0.2466118515583178
FD,fd_xgboost,XGBoost + FD Plug-in,24,0.22927618159878899,0.0138071371523452,0.21546904444644391
FD,fd_xgboost,XGBoost + FD Plug-in,25,0.28259707711321069,0.022600934848576001,0.25999614226463469
FD,fd_xgboost,XGBoost + FD Plug-in,26,0.24938011210495309,0.0077602570798825004,0.24161985502507061
FD,fd_xgboost,XGBoost + FD Plug-in,27,0.2637039614263148,0.00121791412844,0.26248604729787473
FD,fd_xgboost,XGBoost + FD Plug-in,28,0.27977425676130779,0.0040752686211796996,0.27569898814012789
FD,fd_xgboost,XGBoost + FD Plug-in,29,0.1778262151136967,0.0018044183169830001,0.17602179679671379
FD,fd_xgboost,XGBoost + FD Plug-in,30,0.2331769056211539,0.00041225336503879998,0.23276465225611509
FD,fd_xgboost,XGBoost + FD Plug-in,31,0.23311167114326289,0.030004256246843101,0.2031074148964197
FD,fd_xgboost,XGBoost + FD Plug-in,32,0.17864072702376291,0.00032824612513730002,0.1783124808986255
FD,fd_xgboost,XGBoost + FD Plug-in,33,0.34538846626259601,0.064426028982700195,0.28096243727989578
FD,fd_xgboost,XGBoost + FD Plug-in,34,0.23594642601393279,0.00067260843537199995,0.23527381757856089
FD,fd_xgboost,XGBoost + FD Plug-in,35,0.2332128590165532,0.0013610025241152001,0.23185185649243789
FD,fd_xgboost,XGBoost + FD Plug-in,36,0.25634930170408848,0.0022416831345390999,0.25410761856954928
FD,fd_xgboost,XGBoost + FD Plug-in,37,0.1797760570731404,0.0113085304977508,0.16846752657538949
FD,fd_xgboost,XGBoost + FD Plug-in,38,0.27069344119882799,0.037823882386422501,0.2328695588124054
FD,fd_xgboost,XGBoost + FD Plug-in,39,0.2286496893287131,5.3594684844048301e-05,0.22859609464386901
FD,tabpfn_fd,TabPFN + FD Plug-in,0,0.082054087203310103,1.2934241663566549e-05,0.082041152961646505
FD,tabpfn_fd,TabPFN + FD Plug-in,1,0.19935494991180219,0.0015728146823071,0.197782135229495
FD,tabpfn_fd,TabPFN + FD Plug-in,2,0.18551046829830911,0.0034885179998983,0.1820219502984109
FD,tabpfn_fd,TabPFN + FD Plug-in,3,0.2368193468869092,0.0014986770750159001,0.23532066981189331
FD,tabpfn_fd,TabPFN + FD Plug-in,4,0.1565215677514884,0.00037076813168060002,0.15615079961980771
FD,tabpfn_fd,TabPFN + FD Plug-in,5,0.076926627466880698,0.0081095568570403002,0.068817070609840394
FD,tabpfn_fd,TabPFN + FD Plug-in,6,0.14272988189303529,0.0104737549234858,0.13225612696954939
FD,tabpfn_fd,TabPFN + FD Plug-in,7,0.14017992783165489,0.012425103220044399,0.12775482461161039
FD,tabpfn_fd,TabPFN + FD Plug-in,8,0.18307595188053569,0.0005274890152149,0.1825484628653207
FD,tabpfn_fd,TabPFN + FD Plug-in,9,0.20162075038965069,0.0011440899600572,0.2004766604295935
FD,tabpfn_fd,TabPFN + FD Plug-in,10,0.087933466092815202,0.0111161408495037,0.076817325243311405
FD,tabpfn_fd,TabPFN + FD Plug-in,11,0.1821644989807413,0.0010042754953520001,0.18116022348538929
FD,tabpfn_fd,TabPFN + FD Plug-in,12,0.100605454704789,0.0177567335541291,0.082848721150659804
FD,tabpfn_fd,TabPFN + FD Plug-in,13,0.2186733839005266,0.0030412165390649999,0.2156321673614616
FD,tabpfn_fd,TabPFN + FD Plug-in,14,0.1086060752866311,0.014652963925037,0.093953111361594094
FD,tabpfn_fd,TabPFN + FD Plug-in,15,0.047769820623768097,4.9585426410568043e-05,0.047720235197357498
FD,tabpfn_fd,TabPFN + FD Plug-in,16,0.14290391678292849,0.0053641700468874997,0.13753974673604091
FD,tabpfn_fd,TabPFN + FD Plug-in,17,0.1456409448924989,0.0284823897557747,0.1171585551367242
FD,tabpfn_fd,TabPFN + FD Plug-in,18,0.2783718635580113,0.012793795946283699,0.26557806761172759
FD,tabpfn_fd,TabPFN + FD Plug-in,19,0.19762542064846311,0.0019769043748713,0.19564851627359181
FD,tabpfn_fd,TabPFN + FD Plug-in,20,0.060986819447963303,0.0021567203547148998,0.058830099093248399
FD,tabpfn_fd,TabPFN + FD Plug-in,21,0.15976548125218479,0.00082061779755120004,0.1589448634546336
FD,tabpfn_fd,TabPFN + FD Plug-in,22,0.20745530434000231,0.0312286209891167,0.1762266833508857
FD,tabpfn_fd,TabPFN + FD Plug-in,23,0.18094750397843709,0.0030493840252842999,0.17789811995315269
FD,tabpfn_fd,TabPFN + FD Plug-in,24,0.19517736770117169,0.032286106639236499,0.16289126106193519
FD,tabpfn_fd,TabPFN + FD Plug-in,25,0.0888272398404992,0.0011470371405364001,0.087680202699962698
FD,tabpfn_fd,TabPFN + FD Plug-in,26,0.17280566704730341,0.023366706889918602,0.14943896015738481
FD,tabpfn_fd,TabPFN + FD Plug-in,27,0.1105487311459139,0.0017328527730271,0.1088158783728868
FD,tabpfn_fd,TabPFN + FD Plug-in,28,0.23758073314949579,0.00037809650864459998,0.23720263664085109
FD,tabpfn_fd,TabPFN + FD Plug-in,29,0.16733894982605579,0.0050614815501670999,0.1622774682758886
FD,tabpfn_fd,TabPFN + FD Plug-in,30,0.083567664288851498,0.0045474611111153002,0.079020203177736198
FD,tabpfn_fd,TabPFN + FD Plug-in,31,0.15831268009614199,0.0122120414890834,0.1461006386070586
FD,tabpfn_fd,TabPFN + FD Plug-in,32,0.087596047932250107,0.0040258552589851997,0.083570192673264806
FD,tabpfn_fd,TabPFN + FD Plug-in,33,0.2374347022085633,0.025911181634761599,0.21152352057380161
FD,tabpfn_fd,TabPFN + FD Plug-in,34,0.1668801285610037,0.024549276639154499,0.14233085192184919
FD,tabpfn_fd,TabPFN + FD Plug-in,35,0.0880374538990088,0.0074441283947676998,0.080593325504241003
FD,tabpfn_fd,TabPFN + FD Plug-in,36,0.22356272586009149,9.9053705157174177e-05,0.22346367215493429
FD,tabpfn_fd,TabPFN + FD Plug-in,37,0.1055917151564001,0.0065080316734080004,0.099083683482991999
FD,tabpfn_fd,TabPFN + FD Plug-in,38,0.19413210692139241,0.0076805214567256998,0.18645158546466661
FD,tabpfn_fd,TabPFN + FD Plug-in,39,0.11161867131437569,0.0041979060625853999,0.1074207652517902
IV,causalfm,CausalFM,0,0.2455968375710863,0.0144571663118896,0.23113967125919671
IV,causalfm,CausalFM,1,0.28694192262314228,0.0206729692383446,0.26626895338479778
IV,causalfm,CausalFM,2,0.23519855060170511,0.027403981273609299,0.2077945693280957
IV,causalfm,CausalFM,3,0.247301684762747,0.011409565509101599,0.23589211925364539
IV,causalfm,CausalFM,4,0.27306517975782441,0.035149676553795299,0.23791550320402899
IV,causalfm,CausalFM,5,0.21336291568467849,0.016367518394533698,0.1969953972901447
IV,causalfm,CausalFM,6,0.1786133997105214,0.0171866578921289,0.16142674181839239
IV,causalfm,CausalFM,7,0.23423899802496739,0.0041798917408137999,0.2300591062841536
IV,causalfm,CausalFM,8,0.2527255634042111,0.0018353190770206999,0.25089024432719043
IV,causalfm,CausalFM,9,0.25173262774053101,0.0033256872014973001,0.2484069405390337
IV,causalfm,CausalFM,10,0.25481605406391411,0.0151099212896098,0.23970613277430439
IV,causalfm,CausalFM,11,0.2392029925002897,0.027304349316911499,0.21189864318337831
IV,causalfm,CausalFM,12,0.22057829989199801,0.0031124451007837999,0.21746585479121419
IV,causalfm,CausalFM,13,0.32530443339369491,0.054415416304511299,0.27088901708918361
IV,causalfm,CausalFM,14,0.27986760047804848,0.090091963525178703,0.1897756369528697
IV,causalfm,CausalFM,15,0.222585527697409,0.016030853073618401,0.20655467462379051
IV,causalfm,CausalFM,16,0.24856657144079769,0.0067612601770500004,0.24180531126374771
IV,causalfm,CausalFM,17,0.254534933986933,0.0082517367667974996,0.2462831972201355
IV,causalfm,CausalFM,18,0.3511341118833376,0.080830796539465496,0.2703033153438722
IV,causalfm,CausalFM,19,0.31807323649376418,0.059959028154321199,0.25811420833944299
IV,causalfm,CausalFM,20,0.23612609828396111,0.015821669147488698,0.22030442913647219
IV,causalfm,CausalFM,21,0.20244983707693009,0.0036431052095245,0.1988067318674055
IV,causalfm,CausalFM,22,0.23970180254666831,0.00033710071713799998,0.23936470182953029
IV,causalfm,CausalFM,23,0.27032802502873821,0.039637805823666099,0.23069021920507191
IV,causalfm,CausalFM,24,0.24833548195503261,0.00096917015349239999,0.24736631180154009
IV,causalfm,CausalFM,25,0.37219803809802748,0.036316765651093,0.33588127244693439
IV,causalfm,CausalFM,26,0.2720854323580732,0.011640886914440001,0.2604445454436331
IV,causalfm,CausalFM,27,0.2385344811565073,0.020922140719742001,0.21761234043676539
IV,causalfm,CausalFM,28,0.26824678976992389,0.017464773511684,0.25078201625823981
IV,causalfm,CausalFM,29,0.20152955397006,0.0064510081895664002,0.19507854578049361
IV,causalfm,CausalFM,30,0.35789285023380119,0.067193041275232096,0.29069980895856901
IV,causalfm,CausalFM,31,0.23470056869467179,0.0190557624613511,0.21564480623332069
IV,causalfm,CausalFM,32,0.2436226374861753,0.0057240498924572003,0.23789858759371799
IV,causalfm,CausalFM,33,0.3024022276027043,0.030224855215368999,0.27217737238733519
IV,causalfm,CausalFM,34,0.24769699961908601,0.033040685436754397,0.2146563141823315
IV,causalfm,CausalFM,35,0.2609152724690374,0.046444667669850399,0.214470604799187
IV,causalfm,CausalFM,36,0.25416030806017759,0.00061051372250709997,0.25354979433767039
IV,causalfm,CausalFM,37,0.26269813028663219,0.031732912516725498,0.23096521776990661
IV,causalfm,CausalFM,38,0.23737989691336661,0.017953651757972099,0.21942624515539449
IV,causalfm,CausalFM,39,0.2317154417254107,0.020807740300845302,0.2109077014245653
IV,causalpfn,CausalPFN,0,0.54096872181208866,0.36117003678382331,0.1797986850282651
IV,causalpfn,CausalPFN,1,0.53093893578423246,0.31136387031436369,0.21957506546986871
IV,causalpfn,CausalPFN,2,0.56172738059178817,0.36594687474684429,0.19578050584494389
IV,causalpfn,CausalPFN,3,0.62951736531488967,0.39898059562534338,0.23053676968954581
IV,causalpfn,CausalPFN,4,0.3157509059857172,0.1706964934062809,0.14505441257943619
IV,causalpfn,CausalPFN,5,0.38410389100911779,0.261921560465047,0.12218233054407079
IV,causalpfn,CausalPFN,6,0.33284139904533289,0.156142656639528,0.17669874240580491
IV,causalpfn,CausalPFN,7,0.51520907331012977,0.25083990683459928,0.26436916647553038
IV,causalpfn,CausalPFN,8,0.53814359664389833,0.26392469180436318,0.27421890483953509
IV,causalpfn,CausalPFN,9,0.48019834659667848,0.30899249222371528,0.17120585437296301
IV,causalpfn,CausalPFN,10,0.54706459665226648,0.40641138421903511,0.14065321243323101
IV,causalpfn,CausalPFN,11,0.54023464845579405,0.29417230121163968,0.24606234724415399
IV,causalpfn,CausalPFN,12,0.65496270383825173,0.46096920440139211,0.19399349943685959
IV,causalpfn,CausalPFN,13,0.49883345803014761,0.24117640658052919,0.25765705144961842
IV,causalpfn,CausalPFN,14,0.34538616969320679,0.17687725397725679,0.16850891571594989
IV,causalpfn,CausalPFN,15,0.50490962323926314,0.34822597280563072,0.15668365043363219
IV,causalpfn,CausalPFN,16,0.80365734256763299,0.45745665135676422,0.34620069121086872
IV,causalpfn,CausalPFN,17,0.69265579841721048,0.50022104121976663,0.19243475719744371
IV,causalpfn,CausalPFN,18,0.55417151344761839,0.17682278276887131,0.37734873067874702
IV,causalpfn,CausalPFN,19,0.56212646317948267,0.26204276157147088,0.30008370160801162
IV,causalpfn,CausalPFN,20,0.58189229539132081,0.44341466546587072,0.13847762992545021
IV,causalpfn,CausalPFN,21,0.48398890827497348,0.2811044209993776,0.20288448727559591
IV,causalpfn,CausalPFN,22,0.73660875332497033,0.43195379510688842,0.30465495821808219
IV,causalpfn,CausalPFN,23,0.40043462725900791,0.1646173273000881,0.2358172999589197
IV,causalpfn,CausalPFN,24,0.63777375311745044,0.39649699123833371,0.2412767618791167
IV,causalpfn,CausalPFN,25,0.35945717020066559,0.1970853462204836,0.16237182398018199
IV,causalpfn,CausalPFN,26,0.45222973272044692,0.22780009474492399,0.2244296379755229
IV,causalpfn,CausalPFN,27,0.52841077145583948,0.34825719120163701,0.18015358025420231
IV,causalpfn,CausalPFN,28,0.57904660907009387,0.25089033291890978,0.32815627615118409
IV,causalpfn,CausalPFN,29,0.71566919354054837,0.41177120064339218,0.30389799289715641
IV,causalpfn,CausalPFN,30,0.2450602413000243,0.1089393302978806,0.13612091100214371
IV,causalpfn,CausalPFN,31,0.4307150837011256,0.19184328075374779,0.2388718029473777
IV,causalpfn,CausalPFN,32,0.58073368877493636,0.4122406913146216,0.16849299746031449
IV,causalpfn,CausalPFN,33,0.65844300222914498,0.38212626176861231,0.27631674046053278
IV,causalpfn,CausalPFN,34,0.39104430672150547,0.21145690395069611,0.1795874027708092
IV,causalpfn,CausalPFN,35,0.30662875549922392,0.1208397711856576,0.18578898431356611
IV,causalpfn,CausalPFN,36,0.47766275423432919,0.26217637764401341,0.21548637659031569
IV,causalpfn,CausalPFN,37,0.68280027289793144,0.41720323020335809,0.26559704269457368
IV,causalpfn,CausalPFN,38,0.49087597847849351,0.2186426903201607,0.27223328815833281
IV,causalpfn,CausalPFN,39,0.4425997786997084,0.27913220342800787,0.1634675752717005
IV,dopfn,Do-PFN,0,0.29208810488748121,0.048459045693170798,0.2436290591943103
IV,dopfn,Do-PFN,1,0.42070653768210081,0.1494419030677184,0.27126463461438233
IV,dopfn,Do-PFN,2,0.39943708612648698,0.17841381263396069,0.2210232734925261
IV,dopfn,Do-PFN,3,0.3195415100280386,0.075546057659810498,0.24399545236822809
IV,dopfn,Do-PFN,4,0.41585238610242242,0.16806839102417331,0.24778399507824911
IV,dopfn,Do-PFN,5,0.38343026420268739,0.17180876449118729,0.21162149971149999
IV,dopfn,Do-PFN,6,0.2741087135621037,0.1060694741429163,0.16803923941918739
IV,dopfn,Do-PFN,7,0.3053981922436832,0.065933098667734696,0.2394650935759485
IV,dopfn,Do-PFN,8,0.30275945479858851,0.071159547191029099,0.23159990760755941
IV,dopfn,Do-PFN,9,0.36875535909539031,0.11351548755048339,0.2552398715449069
IV,dopfn,Do-PFN,10,0.43289313946060448,0.20021327225661131,0.2326798672039932
IV,dopfn,Do-PFN,11,0.35054584581945708,0.13010114041327131,0.22044470540618569
IV,dopfn,Do-PFN,12,0.3886144522373769,0.13670843495689899,0.25190601728047779
IV,dopfn,Do-PFN,13,0.51846020850869434,0.24267496747230721,0.27578524103638719
IV,dopfn,Do-PFN,14,0.48713748238893378,0.29269157434225151,0.19444590804668219
IV,dopfn,Do-PFN,15,0.34788293554535998,0.12661220902416179,0.22127072652119811
IV,dopfn,Do-PFN,16,0.34206402968766458,0.092679504167404794,0.2493845255202598
IV,dopfn,Do-PFN,17,0.36125220758772503,0.1176407003919681,0.2436115071957568
IV,dopfn,Do-PFN,18,0.47431267518378828,0.1925615590036048,0.2817511161801835
IV,dopfn,Do-PFN,19,0.48632110415495161,0.22805259910016179,0.25826850505478999
IV,dopfn,Do-PFN,20,0.40309884812897812,0.17021890994291419,0.2328799381860639
IV,dopfn,Do-PFN,21,0.27423096164405819,0.065797710757108704,0.20843325088694939
IV,dopfn,Do-PFN,22,0.24830014068143791,0.0142095867574899,0.2340905539239479
IV,dopfn,Do-PFN,23,0.36057190880051998,0.13009488501571961,0.23047702378480039
IV,dopfn,Do-PFN,24,0.31290068569849178,0.053089195049910498,0.25981149064858122
IV,dopfn,Do-PFN,25,0.51785512402629041,0.14760143788166469,0.37025368614462578
IV,dopfn,Do-PFN,26,0.34645516985559771,0.070811510299806396,0.27564365955579118
IV,dopfn,Do-PFN,27,0.32372495107422927,0.1006036118826172,0.2231213391916122
IV,dopfn,Do-PFN,28,0.42821813569952882,0.1774700470289268,0.250748088670602
IV,dopfn,Do-PFN,29,0.33339800843068651,0.132787529293523,0.20061047913716351
IV,dopfn,Do-PFN,30,0.48535772579872871,0.1883398994291329,0.29701782636959573
IV,dopfn,Do-PFN,31,0.31344982987216291,0.096170450849873995,0.2172793790222888
IV,dopfn,Do-PFN,32,0.27135567314967618,0.0211006158440059,0.25025505730567021
IV,dopfn,Do-PFN,33,0.43233848293407762,0.16476474925918999,0.26757373367488752
IV,dopfn,Do-PFN,34,0.26494614787188459,0.050341203802958701,0.2146049440689258
IV,dopfn,Do-PFN,35,0.36279813012680717,0.1419247030401381,0.22087342708666891
IV,dopfn,Do-PFN,36,0.3836756795322176,0.1220859733605154,0.26158970617170207
IV,dopfn,Do-PFN,37,0.4421659697567154,0.20267637334146821,0.23948959641524711
IV,dopfn,Do-PFN,38,0.37582440075625689,0.12953397918610371,0.24629042157015299
IV,dopfn,Do-PFN,39,0.3047684358633645,0.086146634565445496,0.21862180129791869
IV,forestdriv,ForestDRIV,0,0.32799427972214718,0.0013000632689536,0.32669421645319358
IV,forestdriv,ForestDRIV,1,0.36764431454509072,0.021862950600772001,0.34578136394431869
IV,forestdriv,ForestDRIV,2,0.36974137054912481,0.015790887219688202,0.35395048332943652
IV,forestdriv,ForestDRIV,3,0.49204885173376178,0.1345587740940978,0.35749007763966401
IV,forestdriv,ForestDRIV,4,0.54735169088121072,0.16759956820114391,0.37975212268006669
IV,forestdriv,ForestDRIV,5,0.29238972950926251,0.042562575410735597,0.24982715409852679
IV,forestdriv,ForestDRIV,6,0.29146702138189118,0.0175219672716256,0.27394505411026548
IV,forestdriv,ForestDRIV,7,1.1051743800992533,0.78721181639293403,0.3179625637063197
IV,forestdriv,ForestDRIV,8,0.55919761333832885,0.27969519740430299,0.27950241593402592
IV,forestdriv,ForestDRIV,9,0.52177493606636993,0.23856950595533349,0.28320543011103638
IV,forestdriv,ForestDRIV,10,0.3173513446958991,0.0323818626520491,0.28496948204385009
IV,forestdriv,ForestDRIV,11,0.42904596736085732,0.079583618583106003,0.34946234877775129
IV,forestdriv,ForestDRIV,12,0.30387262084730809,0.0048816387028482004,0.29899098214445979
IV,forestdriv,ForestDRIV,13,0.4716955027874925,0.031195204178749901,0.44050029860874262
IV,forestdriv,ForestDRIV,14,0.29441769932277279,0.034874468529410702,0.259543230793362
IV,forestdriv,ForestDRIV,15,0.3158049523929809,0.0001975939983822,0.31560735839459869
IV,forestdriv,ForestDRIV,16,0.45658344757261499,0.0127127837235473,0.4438706638490677
IV,forestdriv,ForestDRIV,17,0.28881903308384022,0.0015188683980670999,0.28730016468577307
IV,forestdriv,ForestDRIV,18,0.52453205754181842,0.2027793287501759,0.32175272879164252
IV,forestdriv,ForestDRIV,19,0.34911151581508221,0.0471161040370527,0.30199541177802941
IV,forestdriv,ForestDRIV,20,0.5357301349247271,0.23339205402403521,0.30233808090069181
IV,forestdriv,ForestDRIV,21,0.81493423865089087,0.54868336537798468,0.26625087327290592
IV,forestdriv,ForestDRIV,22,1.7481008961394566,0.80468553588428948,0.94341536025516759
IV,forestdriv,ForestDRIV,23,0.3186844657027138,0.0019209087632928001,0.31676355693942099
IV,forestdriv,ForestDRIV,24,0.37361284506507397,0.055108902864373803,0.31850394220070022
IV,forestdriv,ForestDRIV,25,0.38982984623172828,0.025768668225374099,0.36406117800635418
IV,forestdriv,ForestDRIV,26,0.41114510066702592,0.043653601270192702,0.3674914993968334
IV,forestdriv,ForestDRIV,27,0.45935251782552461,0.092786741577036397,0.36656577624848841
IV,forestdriv,ForestDRIV,28,0.44998175327506218,0.025539508274309199,0.424442245000753
IV,forestdriv,ForestDRIV,29,0.40740564654067057,0.0059165128629068003,0.40148913367776379
IV,forestdriv,ForestDRIV,30,0.3406099729801973,0.017000069368404602,0.32360990361179259
IV,forestdriv,ForestDRIV,31,0.25971064916877012,0.0024063043606551999,0.2573043448081147
IV,forestdriv,ForestDRIV,32,0.42380776830700179,0.0052722770784292003,0.41853549122857248
IV,forestdriv,ForestDRIV,33,0.35094028892879031,0.022909178103110901,0.32803111082567932
IV,forestdriv,ForestDRIV,34,0.32166669764829892,0.077254845044496506,0.24441185260380241
IV,forestdriv,ForestDRIV,35,0.33556749918869239,0.061187462993943897,0.27438003619474838
IV,forestdriv,ForestDRIV,36,0.38743950944861338,0.042849277349200098,0.34459023209941309
IV,forestdriv,ForestDRIV,37,0.35925641231128191,0.033241507506258698,0.32601490480502321
IV,forestdriv,ForestDRIV,38,0.35003956563854399,0.046664538379656999,0.30337502725888688
IV,forestdriv,ForestDRIV,39,0.74909610983585084,0.49123666628307561,0.25785944355277512
IV,kiv,KIV,0,0.32857390553447557,0.0897465741160383,0.23882733141843709
IV,kiv,KIV,1,0.58238502800356529,0.31609433945876653,0.26629068854479881
IV,kiv,KIV,2,0.29534826851159041,0.0815607411897529,0.21378752732183751
IV,kiv,KIV,3,0.41260570431760929,0.1464083541774216,0.26619735014018758
IV,kiv,KIV,4,0.59023973930132601,0.32799368210140217,0.26224605719992361
IV,kiv,KIV,5,0.208190679105273,0.008402669064338,0.19978801004093499
IV,kiv,KIV,6,0.41966906461486031,0.22473292677453449,0.1949361378403259
IV,kiv,KIV,7,0.64121478613742378,0.39726329633477231,0.24395148980265141
IV,kiv,KIV,8,0.32252549341440151,0.0644894268563104,0.25803606655809108
IV,kiv,KIV,9,0.30159208805986731,0.0034961590153754999,0.29809592904449178
IV,kiv,KIV,10,0.32246279418581147,0.010658582854656099,0.31180421133115532
IV,kiv,KIV,11,0.29290864570731501,4.128338415026246e-05,0.29286736232316479
IV,kiv,KIV,12,0.43619405953606472,0.25656947828281679,0.17962458125324771
IV,kiv,KIV,13,0.98104879379843202,0.6913917239210835,0.28965706987734807
IV,kiv,KIV,14,0.24441974428984381,0.0067155885903735996,0.23770415569947009
IV,kiv,KIV,15,0.33077006064116299,0.047859449529411902,0.28291061111175098
IV,kiv,KIV,16,0.2858929160166892,0.00081702786874559999,0.2850758881479436
IV,kiv,KIV,17,0.31226362614517511,0.0032610420945848001,0.30900258405059022
IV,kiv,KIV,18,0.73590828016868737,0.40185462011752943,0.33405366005115761
IV,kiv,KIV,19,0.33464565980555361,0.032480472534479103,0.3021651872710745
IV,kiv,KIV,20,0.41862651470936968,0.1158103033946831,0.30281621131468678
IV,kiv,KIV,21,0.48718207121318619,0.26893994879851379,0.2182421224146722
IV,kiv,KIV,22,0.95675234535019837,0.70559065525090414,0.25116169009929418
IV,kiv,KIV,23,0.61418031572270282,0.2485849595137945,0.36559535620890848
IV,kiv,KIV,24,0.30352723663868492,0.010097752220992399,0.29342948441769251
IV,kiv,KIV,25,0.38796597324726961,0.039280276209006301,0.34868569703826319
IV,kiv,KIV,26,0.35285414798032749,0.059048027915524902,0.29380612006480272
IV,kiv,KIV,27,0.7896159128269109,0.50797792815801113,0.2816379846689
IV,kiv,KIV,28,0.26642179005851868,0.00041446482200140002,0.26600732523651721
IV,kiv,KIV,29,0.42259491285491352,0.2049388007429043,0.21765611211200911
IV,kiv,KIV,30,0.33545584584871457,0.055559417729499502,0.27989642811921511
IV,kiv,KIV,31,0.2303806223323718,0.0054368735445338,0.2249437487878381
IV,kiv,KIV,32,0.3761844668320739,0.1520053566053578,0.22417911022671599
IV,kiv,KIV,33,0.53359151150912121,0.19882048908861161,0.33477102242050949
IV,kiv,KIV,34,0.25641380114227891,0.033135432904774401,0.22327836823750449
IV,kiv,KIV,35,0.2471430636780782,0.0020437304619878999,0.24509933321609029
IV,kiv,KIV,36,0.44015527821196621,0.16806492779427451,0.27209035041769181
IV,kiv,KIV,37,0.30651756254171908,6.4787242651314643e-06,0.3065110838174539
IV,kiv,KIV,38,0.31088151643859407,0.059356277129563199,0.25152523930903098
IV,kiv,KIV,39,0.3912432443318814,0.0182472919904779,0.37299595234140331
IV,wald_tabpfn,TabPFN-v3 + Wald,0,0.34638945901949769,0.116295885224624,0.2300935737948735
IV,wald_tabpfn,TabPFN-v3 + Wald,1,0.42737047021711461,0.16903145363145489,0.25833901658565972
IV,wald_tabpfn,TabPFN-v3 + Wald,2,0.36020983112837529,0.15874602670759269,0.20146380442078249
IV,wald_tabpfn,TabPFN-v3 + Wald,3,0.3033755590151026,0.063714756540319897,0.23966080247478269
IV,wald_tabpfn,TabPFN-v3 + Wald,4,0.46025369573705821,0.2198843616264049,0.2403693341106532
IV,wald_tabpfn,TabPFN-v3 + Wald,5,0.34172644731690499,0.16224819798464671,0.17947824933225831
IV,wald_tabpfn,TabPFN-v3 + Wald,6,0.30223433120261389,0.14052238064697209,0.16171195055564169
IV,wald_tabpfn,TabPFN-v3 + Wald,7,0.48628712640757771,0.25882182577941182,0.22746530062816611
IV,wald_tabpfn,TabPFN-v3 + Wald,8,0.35555637298027298,0.1139147372157699,0.24164163576450301
IV,wald_tabpfn,TabPFN-v3 + Wald,9,0.36620824948904929,0.1249515011671409,0.24125674832190841
IV,wald_tabpfn,TabPFN-v3 + Wald,10,0.43407093779081563,0.21081093774505941,0.2232600000457563
IV,wald_tabpfn,TabPFN-v3 + Wald,11,0.30950359960271229,0.092929547787312494,0.21657405181539971
IV,wald_tabpfn,TabPFN-v3 + Wald,12,0.39952794345275527,0.19018156580474649,0.20934637764800881
IV,wald_tabpfn,TabPFN-v3 + Wald,13,0.53348834537349554,0.26236210286970191,0.27112624250379352
IV,wald_tabpfn,TabPFN-v3 + Wald,14,0.1647558327620291,0.0039061172777401999,0.16084971548428881
IV,wald_tabpfn,TabPFN-v3 + Wald,15,0.30959047515772747,0.091871810532157594,0.21771866462556991
IV,wald_tabpfn,TabPFN-v3 + Wald,16,0.27040889254686262,0.057289573916429297,0.21311931863043329
IV,wald_tabpfn,TabPFN-v3 + Wald,17,0.39416434042293691,0.15011961857887651,0.24404472184406031
IV,wald_tabpfn,TabPFN-v3 + Wald,18,0.59723212503312995,0.32231711967630472,0.27491500535682512
IV,wald_tabpfn,TabPFN-v3 + Wald,19,0.51214661934292194,0.2568725075744856,0.25527411176843651
IV,wald_tabpfn,TabPFN-v3 + Wald,20,0.46803453359067088,0.24481074620420709,0.22322378738646381
IV,wald_tabpfn,TabPFN-v3 + Wald,21,0.23527185661711411,0.049955249913521897,0.18531660670359221
IV,wald_tabpfn,TabPFN-v3 + Wald,22,0.3813501079039569,0.1455992906537299,0.23575081725022681
IV,wald_tabpfn,TabPFN-v3 + Wald,23,0.47772725405981942,0.24742439289922349,0.2303028611605959
IV,wald_tabpfn,TabPFN-v3 + Wald,24,0.3178829301433454,0.0611009767778549,0.25678195336549059
IV,wald_tabpfn,TabPFN-v3 + Wald,25,0.50377641172802401,0.19416382204649529,0.3096125896815286
IV,wald_tabpfn,TabPFN-v3 + Wald,26,0.28084173162970738,0.0098033761819714006,0.2710383554477358
IV,wald_tabpfn,TabPFN-v3 + Wald,27,0.3658488663592761,0.13929853429012409,0.22655033206915209
IV,wald_tabpfn,TabPFN-v3 + Wald,28,0.30517126137477019,0.052770292385091899,0.25240096898967829
IV,wald_tabpfn,TabPFN-v3 + Wald,29,0.2568337221248721,0.046162005145462398,0.2106717169794097
IV,wald_tabpfn,TabPFN-v3 + Wald,30,0.46942459030562028,0.1703871483760061,0.29903744192961418
IV,wald_tabpfn,TabPFN-v3 + Wald,31,0.354655853137476,0.13565374295338259,0.2190021101840933
IV,wald_tabpfn,TabPFN-v3 + Wald,32,0.29360320604777229,0.10214540169247451,0.19145780435529769
IV,wald_tabpfn,TabPFN-v3 + Wald,33,0.49302203270076977,0.23752292237532549,0.25549911032544431
IV,wald_tabpfn,TabPFN-v3 + Wald,34,0.38063055727596878,0.16076191524383529,0.21986864203213349
IV,wald_tabpfn,TabPFN-v3 + Wald,35,0.33701979744373489,0.1292654704105845,0.20775432703315039
IV,wald_tabpfn,TabPFN-v3 + Wald,36,0.25605497305741087,0.0014889256355660001,0.25456604742184491
IV,wald_tabpfn,TabPFN-v3 + Wald,37,0.3002444970692274,0.0697664789048172,0.2304780181644101
IV,wald_tabpfn,TabPFN-v3 + Wald,38,0.2480419882339924,0.030616370833689802,0.21742561740030239
IV,wald_tabpfn,TabPFN-v3 + Wald,39,0.41012547160072982,0.18834182751243,0.2217836440882997
PROX,causalfm,CausalFM,0,0.24524624199086981,0.019111871898679401,0.2261343700921904
PROX,causalfm,CausalFM,1,0.25911473305528587,0.00010914914101500001,0.25900558391427092
PROX,causalfm,CausalFM,2,0.2064628680068851,0.0018804034535726999,0.20458246455331239
PROX,causalfm,CausalFM,3,0.2512076498096279,0.016895991731766001,0.23431165807786181
PROX,causalfm,CausalFM,4,0.22993947681704971,3.2266917105841254e-05,0.2299072098999439
PROX,causalfm,CausalFM,5,0.20064665162338241,0.0050921966152683001,0.195554455008114
PROX,causalfm,CausalFM,6,0.15626334248546089,0.0037820869029705998,0.15248125558249029
PROX,causalfm,CausalFM,7,0.23305333708403711,0.0067818674755100996,0.2262714696085269
PROX,causalfm,CausalFM,8,0.2533516443289982,0.0068851604252333004,0.24646648390376491
PROX,causalfm,CausalFM,9,0.237190428443806,0.0155072250420415,0.22168320340176431
PROX,causalfm,CausalFM,10,0.25642415288507109,0.044029864625726001,0.21239428825934489
PROX,causalfm,CausalFM,11,0.22474749801511201,0.0013724199357038999,0.22337507807940801
PROX,causalfm,CausalFM,12,0.22692175668575479,0.011778402972564,0.21514335371319071
PROX,causalfm,CausalFM,13,0.27541303990177213,0.0044780842119960997,0.27093495568977588
PROX,causalfm,CausalFM,14,0.201357552114519,0.0043613520368909996,0.196996200077628
PROX,causalfm,CausalFM,15,0.2177115733373908,0.033284322210092802,0.18442725112729791
PROX,causalfm,CausalFM,16,0.26129394992967281,0.0134019857898797,0.24789196413979309
PROX,causalfm,CausalFM,17,0.25071322258854961,0.0183117447750882,0.2324014778134614
PROX,causalfm,CausalFM,18,0.28712850197626649,0.0095653051564860998,0.2775631968197802
PROX,causalfm,CausalFM,19,0.25258312385789689,6.1704806772325653e-05,0.25252141905112457
PROX,causalfm,CausalFM,20,0.2312846454619373,0.0151388087651745,0.21614583669676271
PROX,causalfm,CausalFM,21,0.20526890729393371,0.0122961100956005,0.19297279719833321
PROX,causalfm,CausalFM,22,0.27782501633304441,0.0397227059531974,0.23810231037984711
PROX,causalfm,CausalFM,23,0.23479730896918991,0.00025535377883170003,0.2345419551903582
PROX,causalfm,CausalFM,24,0.26079518869861729,0.0261929542961232,0.234602234402494
PROX,causalfm,CausalFM,25,0.33985630888187118,0.0003313423638222,0.33952496651804898
PROX,causalfm,CausalFM,26,0.25627048014139958,0.0035793185050863002,0.25269116163631328
PROX,causalfm,CausalFM,27,0.21472016435836769,0.0058385263772567,0.2088816379811109
PROX,causalfm,CausalFM,28,0.2811113690893085,0.0028513872849372001,0.27825998180437128
PROX,causalfm,CausalFM,29,0.21202521413805639,0.010398114529770399,0.20162709960828601
PROX,causalfm,CausalFM,30,0.2656604456608283,0.00079703064111349997,0.26486341501971478
PROX,causalfm,CausalFM,31,0.22745629884459659,0.0085295901198007007,0.21892670872479589
PROX,causalfm,CausalFM,32,0.27848950161504887,0.050366798915261302,0.22812270269978749
PROX,causalfm,CausalFM,33,0.25791832959202021,0.0029866056662431,0.25493172392577718
PROX,causalfm,CausalFM,34,0.20479895505145129,0.0049579978415288002,0.19984095720992259
PROX,causalfm,CausalFM,35,0.19894811097874551,0.0012259133964056001,0.19772219758233989
PROX,causalfm,CausalFM,36,0.28186711246530188,0.024332492192482701,0.25753462027281909
PROX,causalfm,CausalFM,37,0.21651158027034509,0.0026723977412134998,0.21383918252913159
PROX,causalfm,CausalFM,38,0.2330397862625416,0.00023418807904669999,0.23280559818349489
PROX,causalfm,CausalFM,39,0.20722268884270201,0.0029266222387630998,0.2042960666039389
PROX,causalpfn,CausalPFN,0,0.2160591754367289,0.064838433764823095,0.1512207416719058
PROX,causalpfn,CausalPFN,1,0.3206181862492018,0.0191940565233268,0.3014241297258749
PROX,causalpfn,CausalPFN,2,0.27164066077119131,0.0502458630166027,0.22139479775458851
PROX,causalpfn,CausalPFN,3,0.28691760452493709,0.062207600531309103,0.224710003993628
PROX,causalpfn,CausalPFN,4,0.1682846459994197,0.014320341467585601,0.1539643045318341
PROX,causalpfn,CausalPFN,5,0.24379269384097499,0.037623282662444898,0.2061694111785301
PROX,causalpfn,CausalPFN,6,0.20961376083486399,0.0110813340635565,0.19853242677130739
PROX,causalpfn,CausalPFN,7,0.25629440018868488,0.023806080177378699,0.23248832001130609
PROX,causalpfn,CausalPFN,8,0.2477424263230944,0.021613019478883999,0.22612940684421029
PROX,causalpfn,CausalPFN,9,0.210929815597969,0.044369165624146903,0.166560649973822
PROX,causalpfn,CausalPFN,10,0.2163701624158719,0.096606836260893794,0.11976332615497801
PROX,causalpfn,CausalPFN,11,0.2696337879578562,0.0095932066226276005,0.26004058133522862
PROX,causalpfn,CausalPFN,12,0.22876527736768179,0.091683207469550804,0.13708206989813099
PROX,causalpfn,CausalPFN,13,0.3074510700786896,0.0058107041357927996,0.30164036594289662
PROX,causalpfn,CausalPFN,14,0.16796226937906611,0.0041717905218865,0.16379047885717959
PROX,causalpfn,CausalPFN,15,0.17917931324157779,0.075504308216728294,0.1036750050248495
PROX,causalpfn,CausalPFN,16,0.39631140632633172,0.079982187983073105,0.31632921834325839
PROX,causalpfn,CausalPFN,17,0.3194695475872793,0.12937464755973119,0.1900949000275482
PROX,causalpfn,CausalPFN,18,0.31979673111019602,0.0028438512093312998,0.31695287990086468
PROX,causalpfn,CausalPFN,19,0.25210749513586089,0.0293480862623791,0.2227594088734817
PROX,causalpfn,CausalPFN,20,0.23828790020792739,0.048805122130055098,0.18948277807787231
PROX,causalpfn,CausalPFN,21,0.21667620450448771,0.020758159202335601,0.19591804530215209
PROX,causalpfn,CausalPFN,22,0.28038761185691191,0.0491248182248053,0.23126279363210669
PROX,causalpfn,CausalPFN,23,0.2088870175402866,8.576849978723659e-05,0.2088012490404994
PROX,causalpfn,CausalPFN,24,0.25021305504045349,0.0629814281150297,0.18723162692542389
PROX,causalpfn,CausalPFN,25,0.1860367839456773,0.0012599259583803001,0.1847768579872969
PROX,causalpfn,CausalPFN,26,0.23951245671038121,0.012892291764273501,0.22662016494610771
PROX,causalpfn,CausalPFN,27,0.2036005841380692,0.0495131263460174,0.1540874577920516
PROX,causalpfn,CausalPFN,28,0.36722066463190761,0.038295155060565099,0.32892550957134248
PROX,causalpfn,CausalPFN,29,0.23745725128486861,0.043554690146930398,0.19390256113793819
PROX,causalpfn,CausalPFN,30,0.1577528295614897,0.0046833204925614,0.15306950906892819
PROX,causalpfn,CausalPFN,31,0.25727124736524659,0.013330495060396901,0.24394075230484979
PROX,causalpfn,CausalPFN,32,0.25644679860664671,0.1113203379323662,0.14512646067428039
PROX,causalpfn,CausalPFN,33,0.29922433262974779,0.026992286932836,0.27223204569691167
PROX,causalpfn,CausalPFN,34,0.16895407861372749,0.0061486920307278004,0.16280538658299981
PROX,causalpfn,CausalPFN,35,0.16352283470813669,0.015936203137894199,0.14758663157024249
PROX,causalpfn,CausalPFN,36,0.24130109118301629,0.026653850940535399,0.2146472402424808
PROX,causalpfn,CausalPFN,37,0.24113488372014161,0.044307560356176501,0.19682732336396511
PROX,causalpfn,CausalPFN,38,0.2400987742316745,0.0058077237714347996,0.2342910504602396
PROX,causalpfn,CausalPFN,39,0.15819236487242541,0.012113352756518999,0.14607901211590649
PROX,dopfn,Do-PFN,0,0.28358755330473451,0.041048363963021098,0.24253918934171331
PROX,dopfn,Do-PFN,1,0.39221130189284981,0.1201579363749604,0.27205336551788922
PROX,dopfn,Do-PFN,2,0.36165761215046949,0.13843785566226099,0.22321975648820849
PROX,dopfn,Do-PFN,3,0.29264305121235362,0.046566346528063601,0.24607670468428999
PROX,dopfn,Do-PFN,4,0.37986952317379952,0.12964208414204059,0.2502274390317587
PROX,dopfn,Do-PFN,5,0.35342675734734402,0.1386380783922381,0.214788678955106
PROX,dopfn,Do-PFN,6,0.25119060960451151,0.081442280212809401,0.16974832939170209
PROX,dopfn,Do-PFN,7,0.28708806511058721,0.043929077860385003,0.24315898725020199
PROX,dopfn,Do-PFN,8,0.27947245675449539,0.046988419067639203,0.23248403768685619
PROX,dopfn,Do-PFN,9,0.34143467183763759,0.0838610357596829,0.2575736360779548
PROX,dopfn,Do-PFN,10,0.40113554462909429,0.1655835460422703,0.2355519985868241
PROX,dopfn,Do-PFN,11,0.33616437756000128,0.1157453757343329,0.2204190018256684
PROX,dopfn,Do-PFN,12,0.34664723254240698,0.10354794320301131,0.24309928933939551
PROX,dopfn,Do-PFN,13,0.48023873791788879,0.2044610870926544,0.27577765082523409
PROX,dopfn,Do-PFN,14,0.45579110519396282,0.25969955067884709,0.19609155451511581
PROX,dopfn,Do-PFN,15,0.31946097236146409,0.095847033005056495,0.2236139393564075
PROX,dopfn,Do-PFN,16,0.32232807730939178,0.070837755987570403,0.25149032132182131
PROX,dopfn,Do-PFN,17,0.3276072593902285,0.085888232951308902,0.2417190264389196
PROX,dopfn,Do-PFN,18,0.45005465023079061,0.16716701458980421,0.2828876356409864
PROX,dopfn,Do-PFN,19,0.45478037291455792,0.1980338343863069,0.25674653852825091
PROX,dopfn,Do-PFN,20,0.37234110584018443,0.1339681526709503,0.2383729531692341
PROX,dopfn,Do-PFN,21,0.26123773278825518,0.0477645624317065,0.21347317035654881
PROX,dopfn,Do-PFN,22,0.24356313664221901,0.0056944867065325004,0.23786864993568649
PROX,dopfn,Do-PFN,23,0.33645676482052572,0.1078621319031058,0.2285946329174201
PROX,dopfn,Do-PFN,24,0.30227629723210209,0.045408923169481898,0.25686737406262022
PROX,dopfn,Do-PFN,25,0.48001629782944799,0.1098508337307952,0.37016546409865281
PROX,dopfn,Do-PFN,26,0.33746268547749791,0.0576540663527772,0.27980861912472071
PROX,dopfn,Do-PFN,27,0.30408246340491818,0.077159557872835599,0.22692290553208261
PROX,dopfn,Do-PFN,28,0.39168491539422817,0.141847967848683,0.2498369475455452
PROX,dopfn,Do-PFN,29,0.31105689847337248,0.1069900295635708,0.20406686890980169
PROX,dopfn,Do-PFN,30,0.45999478786127151,0.16607011362237689,0.29392467423889451
PROX,dopfn,Do-PFN,31,0.29176899070316198,0.072502305732655203,0.2192666849705068
PROX,dopfn,Do-PFN,32,0.26874148823455279,0.013169894325242799,0.25557159390931
PROX,dopfn,Do-PFN,33,0.39925979663697109,0.12754970440157079,0.2717100922354001
PROX,dopfn,Do-PFN,34,0.2454056162031886,0.030898864597798299,0.21450675160539029
PROX,dopfn,Do-PFN,35,0.34612216032503962,0.12496422198677649,0.22115793833826311
PROX,dopfn,Do-PFN,36,0.35964272482412463,0.1006810380677777,0.2589616867563469
PROX,dopfn,Do-PFN,37,0.4182239956572088,0.1765584111320537,0.24166558452515491
PROX,dopfn,Do-PFN,38,0.35619827908766949,0.11521027750402731,0.24098800158364209
PROX,dopfn,Do-PFN,39,0.28606698319459789,0.065560699025207197,0.2205062841693908
PROX,p_learner,ExtraTrees + P-Learner,0,0.21507092582625029,0.0045965021298775997,0.21047442369637259
PROX,p_learner,ExtraTrees + P-Learner,1,0.30557716789288658,0.0010970288993903999,0.30448013899349607
PROX,p_learner,ExtraTrees + P-Learner,2,0.20533513833708711,0.0080338615909353994,0.19730127674615169
PROX,p_learner,ExtraTrees + P-Learner,3,0.26680541948340991,0.00054652303039860002,0.26625889645301132
PROX,p_learner,ExtraTrees + P-Learner,4,0.22064444870758201,0.0013165767623443999,0.21932787194523751
PROX,p_learner,ExtraTrees + P-Learner,5,0.1547602716061966,0.00055446334033759995,0.154205808265859
PROX,p_learner,ExtraTrees + P-Learner,6,0.17360875456786079,0.00031084927417170002,0.17329790529368899
PROX,p_learner,ExtraTrees + P-Learner,7,0.22133005766404901,0.0012551976706381999,0.22007485999341089
PROX,p_learner,ExtraTrees + P-Learner,8,0.23294470609247239,0.0044776363762223997,0.22846706971624989
PROX,p_learner,ExtraTrees + P-Learner,9,0.1857083624028496,0.025081467324419598,0.16062689507842989
PROX,p_learner,ExtraTrees + P-Learner,10,0.2448351646277554,0.0201459786182186,0.22468918600953669
PROX,p_learner,ExtraTrees + P-Learner,11,0.34610870522602177,0.016083247858620399,0.33002545736740119
PROX,p_learner,ExtraTrees + P-Learner,12,0.2111781119985533,0.028373491218390799,0.18280462078016249
PROX,p_learner,ExtraTrees + P-Learner,13,0.26557113734819587,8.205827461048445e-05,0.26548907907358538
PROX,p_learner,ExtraTrees + P-Learner,14,0.15682533809668309,0.0026941133754105999,0.15413122472127239
PROX,p_learner,ExtraTrees + P-Learner,15,0.14169868683817169,0.048585472221639101,0.093113214616532505
PROX,p_learner,ExtraTrees + P-Learner,16,0.18663115250499321,0.0151644111941081,0.1714667413108851
PROX,p_learner,ExtraTrees + P-Learner,17,0.18805805704386211,0.023771797366129201,0.16428625967773289
PROX,p_learner,ExtraTrees + P-Learner,18,0.29702762240755382,0.024463909276959898,0.27256371313059391
PROX,p_learner,ExtraTrees + P-Learner,19,0.21508675489399279,0.0013341138804632,0.21375264101352959
PROX,p_learner,ExtraTrees + P-Learner,20,0.1891689484166961,0.0070623565578722004,0.1821065918588238
PROX,p_learner,ExtraTrees + P-Learner,21,0.21353255473909349,0.012695964408470199,0.20083659033062329
PROX,p_learner,ExtraTrees + P-Learner,22,0.24571435854042531,0.00081470524527710005,0.2448996532951481
PROX,p_learner,ExtraTrees + P-Learner,23,0.3078941523783269,0.038250616980139603,0.26964353539818742
PROX,p_learner,ExtraTrees + P-Learner,24,0.2171669384712242,0.0293145252273854,0.18785241324383881
PROX,p_learner,ExtraTrees + P-Learner,25,0.2478308272296286,0.0025854414365231999,0.24524538579310531
PROX,p_learner,ExtraTrees + P-Learner,26,0.3030121873116019,4.7924519086087669e-05,0.30296426279251581
PROX,p_learner,ExtraTrees + P-Learner,27,0.1747971716756451,0.0032344040476798,0.1715627676279651
PROX,p_learner,ExtraTrees + P-Learner,28,0.2902812659625052,0.039843368156781099,0.25043789780572417
PROX,p_learner,ExtraTrees + P-Learner,29,0.23694863483474371,0.0038265710906905002,0.2331220637440532
PROX,p_learner,ExtraTrees + P-Learner,30,0.20609590572132661,0.00014159642738729999,0.20595430929393921
PROX,p_learner,ExtraTrees + P-Learner,31,0.2578197733438316,0.00066790277305890005,0.25715187057077271
PROX,p_learner,ExtraTrees + P-Learner,32,0.26600982661911288,0.077115489418952105,0.1888943372001608
PROX,p_learner,ExtraTrees + P-Learner,33,0.29930485219401881,2.3898130657153764e-05,0.29928095406336158
PROX,p_learner,ExtraTrees + P-Learner,34,0.21946869710430669,0.0050846920367886,0.21438400506751809
PROX,p_learner,ExtraTrees + P-Learner,35,0.16042300900480849,0.0013075721250346999,0.15911543687977381
PROX,p_learner,ExtraTrees + P-Learner,36,0.28540458627042531,0.0012271490879881,0.28417743718243721
PROX,p_learner,ExtraTrees + P-Learner,37,0.21633323952516231,0.017961705721394002,0.19837153380376821
PROX,p_learner,ExtraTrees + P-Learner,38,0.25303026307815912,0.0130629005066472,0.2399673625715118
PROX,p_learner,ExtraTrees + P-Learner,39,0.27530223094793638,8.359270746895791e-05,0.27521863824046738
PROX,p_learner_tabpfn_v3_final,TabPFN-v3 + P-Learner,0,0.230505455206032,0.0027110358268931001,0.2277944193791388
PROX,p_learner_tabpfn_v3_final,TabPFN-v3 + P-Learner,1,0.2354448782474062,0.00015859725847620001,0.2352862809889299
PROX,p_learner_tabpfn_v3_final,TabPFN-v3 + P-Learner,2,0.19822526791002221,0.0017660742567318999,0.19645919365329029
PROX,p_learner_tabpfn_v3_final,TabPFN-v3 + P-Learner,3,0.2043254880710246,4.4927372530921765e-05,0.2042805606984936
PROX,p_learner_tabpfn_v3_final,TabPFN-v3 + P-Learner,4,0.19840294985398371,0.0016493951096433999,0.19675355474434031
PROX,p_learner_tabpfn_v3_final,TabPFN-v3 + P-Learner,5,0.078864896790395003,0.00100090580295,0.077863990987444995
PROX,p_learner_tabpfn_v3_final,TabPFN-v3 + P-Learner,6,0.1519521488132041,7.7012831550525476e-06,0.1519444475300491
PROX,p_learner_tabpfn_v3_final,TabPFN-v3 + P-Learner,7,0.22165883348137741,0.00021837067072699999,0.22144046281065041
PROX,p_learner_tabpfn_v3_final,TabPFN-v3 + P-Learner,8,0.24007987106571979,0.0098940274876298997,0.2301858435780898
PROX,p_learner_tabpfn_v3_final,TabPFN-v3 + P-Learner,9,0.2047773775262739,0.021721702590379401,0.18305567493589439
PROX,p_learner_tabpfn_v3_final,TabPFN-v3 + P-Learner,10,0.14232485359451941,0.0090893423123356992,0.13323551128218361
PROX,p_learner_tabpfn_v3_final,TabPFN-v3 + P-Learner,11,0.3442089290374461,0.040116780991271098,0.3040921480461749
PROX,p_learner_tabpfn_v3_final,TabPFN-v3 + P-Learner,12,0.24785670568283449,0.041936467424304798,0.2059202382585297
PROX,p_learner_tabpfn_v3_final,TabPFN-v3 + P-Learner,13,0.25831511115585898,0.0037291394715218999,0.254585971684337
PROX,p_learner_tabpfn_v3_final,TabPFN-v3 + P-Learner,14,0.1344249489546753,0.0002137333969513,0.13421121555772389
PROX,p_learner_tabpfn_v3_final,TabPFN-v3 + P-Learner,15,0.1020579996337119,0.0450295899649732,0.057028409668738601
PROX,p_learner_tabpfn_v3_final,TabPFN-v3 + P-Learner,16,0.14829959929978981,0.0029880317505106002,0.14531156754927921
PROX,p_learner_tabpfn_v3_final,TabPFN-v3 + P-Learner,17,0.1799524169918563,0.0173392316672542,0.16261318532460201
PROX,p_learner_tabpfn_v3_final,TabPFN-v3 + P-Learner,18,0.31604655680791188,0.051640235120459899,0.26440632168745187
PROX,p_learner_tabpfn_v3_final,TabPFN-v3 + P-Learner,19,0.24389897810666211,5.8563503062905089e-06,0.2438931217563558
PROX,p_learner_tabpfn_v3_final,TabPFN-v3 + P-Learner,20,0.1082759364958653,0.00070880885164139999,0.1075671276442238
PROX,p_learner_tabpfn_v3_final,TabPFN-v3 + P-Learner,21,0.18741899039035659,0.0034132603953259,0.18400572999503051
PROX,p_learner_tabpfn_v3_final,TabPFN-v3 + P-Learner,22,0.1919568411753701,0.0020959548617104002,0.18986088631365969
PROX,p_learner_tabpfn_v3_final,TabPFN-v3 + P-Learner,23,0.27469226948348019,0.046970221614532903,0.22772204786894731
PROX,p_learner_tabpfn_v3_final,TabPFN-v3 + P-Learner,24,0.26584995313312798,0.032146038328714398,0.23370391480441341
PROX,p_learner_tabpfn_v3_final,TabPFN-v3 + P-Learner,25,0.19299743758968629,0.0058663695708728002,0.18713106801881349
PROX,p_learner_tabpfn_v3_final,TabPFN-v3 + P-Learner,26,0.27156657375022952,0.00071108574207690001,0.27085548800815251
PROX,p_learner_tabpfn_v3_final,TabPFN-v3 + P-Learner,27,0.18067281455505141,9.7788027835676926e-05,0.1805750265272158
PROX,p_learner_tabpfn_v3_final,TabPFN-v3 + P-Learner,28,0.23103309434814609,0.024517485220971798,0.20651560912717429
PROX,p_learner_tabpfn_v3_final,TabPFN-v3 + P-Learner,29,0.1874431359003908,0.0047604524588241003,0.18268268344156671
PROX,p_learner_tabpfn_v3_final,TabPFN-v3 + P-Learner,30,0.11479861672168359,0.0036475663283414002,0.11115105039334219
PROX,p_learner_tabpfn_v3_final,TabPFN-v3 + P-Learner,31,0.21656734239991951,2.4193750257306253e-05,0.21654314864966229
PROX,p_learner_tabpfn_v3_final,TabPFN-v3 + P-Learner,32,0.25258867724081679,0.074989401494406596,0.1775992757464101
PROX,p_learner_tabpfn_v3_final,TabPFN-v3 + P-Learner,33,0.26248210158649848,1.7810131415601754e-06,0.26248032057335691
PROX,p_learner_tabpfn_v3_final,TabPFN-v3 + P-Learner,34,0.18917679622833219,0.0015195952398507999,0.18765720098848129
PROX,p_learner_tabpfn_v3_final,TabPFN-v3 + P-Learner,35,0.14454458900233269,4.6805915958585763e-05,0.14449778308637409
PROX,p_learner_tabpfn_v3_final,TabPFN-v3 + P-Learner,36,0.2239440739193663,0.0024984197674247999,0.2214456541519414
PROX,p_learner_tabpfn_v3_final,TabPFN-v3 + P-Learner,37,0.17926488619495409,0.0020293799749389,0.17723550622001519
PROX,p_learner_tabpfn_v3_final,TabPFN-v3 + P-Learner,38,0.25079256143120049,0.0220620677733851,0.22873049365781539
PROX,p_learner_tabpfn_v3_final,TabPFN-v3 + P-Learner,39,0.22198894484163881,0.0033885533127935999,0.21860039152884511
PROX,p_learner_xgb_final,XGBoost + P-Learner,0,0.93548348728897557,0.011967761343230601,0.92351572594574483
PROX,p_learner_xgb_final,XGBoost + P-Learner,1,1.5187419268749272,0.0152133274122061,1.5035285994627212
PROX,p_learner_xgb_final,XGBoost + P-Learner,2,1.2344462998300272,0.0110574776078019,1.2233888222222256
PROX,p_learner_xgb_final,XGBoost + P-Learner,3,1.5729336142010411,0.0014884543606109,1.5714451598404302
PROX,p_learner_xgb_final,XGBoost + P-Learner,4,0.62264492319833498,0.0048467909586419004,0.61779813223969304
PROX,p_learner_xgb_final,XGBoost + P-Learner,5,0.89465388766962595,0.036401704867575997,0.85825218280204996
PROX,p_learner_xgb_final,XGBoost + P-Learner,6,0.83938424251359001,0.0165224740646603,0.82286176844893
PROX,p_learner_xgb_final,XGBoost + P-Learner,7,1.2249128593995686,0.0024099872292246,1.2225028721703444
PROX,p_learner_xgb_final,XGBoost + P-Learner,8,0.80056278204038345,0.0025171140409056998,0.79804566799947763
PROX,p_learner_xgb_final,XGBoost + P-Learner,9,0.74592168643202494,0.022527280597637901,0.72339440583438697
PROX,p_learner_xgb_final,XGBoost + P-Learner,10,1.0842603932931598,0.043085153048995302,1.0411752402441641
PROX,p_learner_xgb_final,XGBoost + P-Learner,11,1.5347583661786774,2.5352224624296238e-05,1.5347330139540534
PROX,p_learner_xgb_final,XGBoost + P-Learner,12,1.241625863638306,0.0123517659453692,1.2292740976929366
PROX,p_learner_xgb_final,XGBoost + P-Learner,13,1.1740506909665631,0.066222120384369004,1.1078285705821946
PROX,p_learner_xgb_final,XGBoost + P-Learner,14,0.76436402766477818,0.023748233368764599,0.74061579429601354
PROX,p_learner_xgb_final,XGBoost + P-Learner,15,1.1818422891792435,0.034535328737217701,1.1473069604420258
PROX,p_learner_xgb_final,XGBoost + P-Learner,16,1.2293755238198709,0.026616588347432,1.2027589354724386
PROX,p_learner_xgb_final,XGBoost + P-Learner,17,0.85497890268205545,0.010358302547725601,0.84462060013432971
PROX,p_learner_xgb_final,XGBoost + P-Learner,18,0.98907374371416845,0.019665975462672299,0.96940776825149599
PROX,p_learner_xgb_final,XGBoost + P-Learner,19,1.0484702233132437,0.012456587664838601,1.0360136356484044
PROX,p_learner_xgb_final,XGBoost + P-Learner,20,1.153524329399652,0.0034770730166435999,1.1500472563830086
PROX,p_learner_xgb_final,XGBoost + P-Learner,21,0.77853023611661309,0.0047421322713561004,0.77378810384525676
PROX,p_learner_xgb_final,XGBoost + P-Learner,22,1.1670518527520199,0.0002451117136221,1.1668067410383978
PROX,p_learner_xgb_final,XGBoost + P-Learner,23,1.1164347651589439,0.066371210143083004,1.0500635550158604
PROX,p_learner_xgb_final,XGBoost + P-Learner,24,0.93429523912890355,0.023748212903922698,0.9105470262249804
PROX,p_learner_xgb_final,XGBoost + P-Learner,25,1.2902848209687885,0.044862921137852098,1.2454218998309363
PROX,p_learner_xgb_final,XGBoost + P-Learner,26,0.94753912436286725,0.00075443370469120002,0.94678469065817605
PROX,p_learner_xgb_final,XGBoost + P-Learner,27,0.90955564104638664,1.2432367530967345e-07,0.90955551672271118
PROX,p_learner_xgb_final,XGBoost + P-Learner,28,0.7238025874851054,0.093093819345388198,0.63070876813971721
PROX,p_learner_xgb_final,XGBoost + P-Learner,29,1.3570959158026177,0.0002068300180772,1.3568890857845399
PROX,p_learner_xgb_final,XGBoost + P-Learner,30,1.0106018786553828,0.0092894699220094998,1.0013124087333729
PROX,p_learner_xgb_final,XGBoost + P-Learner,31,1.000007734034507,0.0156233316948015,0.98438440233970559
PROX,p_learner_xgb_final,XGBoost + P-Learner,32,0.83969835011489724,0.11883702894914761,0.72086132116574941
PROX,p_learner_xgb_final,XGBoost + P-Learner,33,0.97943607419703482,1.3103274077961288e-05,0.97942297092295705
PROX,p_learner_xgb_final,XGBoost + P-Learner,34,0.96316636404562361,0.0133464702496165,0.94981989379600684
PROX,p_learner_xgb_final,XGBoost + P-Learner,35,1.1529423473472606,0.0040041885722092996,1.1489381587750509
PROX,p_learner_xgb_final,XGBoost + P-Learner,36,1.2393217961310494,0.012471464016876901,1.226850332114173
PROX,p_learner_xgb_final,XGBoost + P-Learner,37,1.169539192109408,0.037275005594242003,1.1322641865151657
PROX,p_learner_xgb_final,XGBoost + P-Learner,38,1.3128085226806117,0.0046258959929139998,1.3081826266876977
PROX,p_learner_xgb_final,XGBoost + P-Learner,39,1.1764280533693032,0.0003117914231413,1.176116261946162
