regime,model,model_label,panel_order,mean,ci_low,ci_high,ate_error_sq,centered_sPEHE_sq,n_worlds,is_best
BD,causalpfn,CausalPFN,0,0.20828530002759518,0.1892824573376292,0.22777897505780095,0.011247446897666432,0.19703785312992875,40,False
BD,dopfn,Do-PFN,1,0.35954831604355975,0.33830177638857417,0.3807681126558051,0.11714671203320162,0.24240160401035812,40,False
BD,causalfm,CausalFM,2,0.23263177623593584,0.22263905412829696,0.2428154777907311,0.005106703418200752,0.22752507281773507,40,False
BD,tabpfn_x,TabPFN-v3.5 + X-Learner,3,0.15278665446773287,0.13450905314910297,0.17146291340829095,0.007500733939557268,0.1452859205281756,40,False
BD,tabpfn_s,TabPFN-v3.5 + S-Learner,4,0.19689784498708918,0.17954655932418181,0.2140440045167224,0.008101239417647527,0.18879660556944164,40,False
BD,tabpfn_dr,TabPFN-v3.5 + DR-Learner,5,0.14341101580691448,0.12704222786926392,0.1601204721320245,0.007565982011619167,0.1358450337952953,40,True
FD,causalpfn_fd_xonly,CausalPFN,0,0.4854317206598425,0.4487143386180088,0.5214715842060743,0.2664275727999443,0.21900414785989816,40,False
FD,dopfn_fd_xonly,Do-PFN,1,0.3680137022387794,0.34590809007742135,0.3901755664713396,0.12652957961404293,0.24148412262473648,40,False
FD,causalfm,CausalFM,2,0.5512521944391514,0.5288818786367823,0.5736259974581698,0.3113360562272893,0.23991613821186206,40,False
FD,fd_nn,NN + FD Plug-in,3,0.22723238377740804,0.21753420504857196,0.23682995230353115,0.008305175925105813,0.2189272078523022,40,False
FD,fd_xgboost,XGBoost + FD Plug-in,4,0.2333552053011485,0.2225365319612611,0.2449758092213687,0.008173718928101856,0.22518148637304664,40,False
FD,tabpfn_fd,TabPFN-v3.5 + FD Plug-in,5,0.15339920346215882,0.13646147822486956,0.1701919829202987,0.007201243964248881,0.14619795949790992,40,True
IV,causalpfn,CausalPFN,0,0.5178869402626622,0.47852715239573707,0.5569473684345722,0.2983086761415732,0.21957826412108905,40,False
IV,dopfn,Do-PFN,1,0.37142490247513127,0.3494263899018092,0.39343218971474303,0.12935301374598357,0.2420718887291477,40,False
IV,causalfm,CausalFM,2,0.2579040328761647,0.24600350445260988,0.2707133647326987,0.023496212743197093,0.23440782013296763,40,True
IV,forestdriv,ForestDRIV,3,0.4603232561931506,0.3900824035999629,0.5516711631638496,0.11978481757410013,0.34053843861905053,40,False
IV,kiv,KIV,4,0.4201636867691002,0.3661648338713156,0.48089199925482373,0.14912992078165566,0.27103376598744455,40,False
IV,wald_tabpfn,TabPFN-v3.5 + Wald,5,0.33566673113296863,0.30447187538090026,0.3690387513863786,0.10798876003178651,0.2276779711011821,40,False
PROX,causalpfn,CausalPFN,0,0.2425279798930176,0.22581687505757647,0.2599617066180407,0.03671955781029205,0.2058084220827255,40,False
PROX,dopfn,Do-PFN,1,0.3472098263267277,0.32724957048745373,0.36725923761639245,0.10412222735700478,0.24308759896972293,40,False
PROX,causalfm,CausalFM,2,0.24031595394716793,0.2301066706346342,0.25053984952012165,0.01080894162265059,0.2295070123245173,40,False
PROX,p_learner,ExtraTrees + P-Learner,3,0.23250863517338521,0.21761943240782713,0.2478044678988756,0.012058026907214262,0.22045060826617094,40,False
PROX,p_learner_nn_full,NN + P-Learner,4,0.6623746889197375,0.4282124690340666,1.065588161525475,0.06902013414562203,0.5933545547741155,40,False
PROX,p_learner_tabpfn_v3_full,TabPFN-v3.5 + P-Learner,5,0.18113783131220423,0.1646408527536098,0.19777674581728522,0.00957206245113191,0.1715657688610723,40,True
